Person,Product,crunchy,creamy,sweet,chocolaty,healthful,calorie,rich,addiction,accessible,handy,wrapping,image,commercial,,,,,,,,,,,
1,Balisto,5.00,2.00,3.00,3.00,3.00,4.00,4.00,3.00,3.00,3.00,2.00,3.00,3.00,,,,,,,,,,,
1,Bounty,2.00,4.00,5.00,3.00,2.00,4.00,3.00,3.00,3.00,4.00,4.00,3.00,3.00,,,,,,,,,,,
1,Duplo,4.00,3.00,4.00,4.00,2.00,4.00,4.00,4.00,4.00,4.00,4.00,3.00,3.00,,,,,,,,,,,
1,KinderBueno,4.00,4.00,5.00,4.00,1.00,5.00,4.00,3.00,3.00,2.00,3.00,4.00,1.00,,,,,,,,,,,
1,KinderRiegel,3.00,3.00,4.00,5.00,3.00,4.00,4.00,5.00,4.00,4.00,4.00,4.00,3.00,,,,,,,,,,,
1,KitKat,4.00,2.00,3.00,4.00,2.00,4.00,3.00,3.00,4.00,4.00,4.00,4.00,4.00,,,,,,,,,,,
1,Lion,3.00,4.00,4.00,4.00,2.00,4.00,4.00,4.00,4.00,4.00,4.00,4.00,3.00,,,,,,,,,,,
1,Mars,2.00,4.00,4.00,4.00,2.00,4.00,4.00,4.00,4.00,4.00,4.00,3.00,3.00,,,,,,,,,,,
1,Snickers,3.00,3.00,4.00,3.00,1.00,4.00,4.00,2.00,4.00,4.00,4.00,4.00,5.00,,,,,,,,,,,
1,Twix,4.00,4.00,4.00,4.00,1.00,4.00,4.00,4.00,4.00,4.00,4.00,4.00,4.00,,,,,,,,,,,
2,Balisto,4.00,1.00,5.00,2.00,1.00,5.00,5.00,1.00,5.00,5.00,3.00,2.00,3.00,,,,,,,,,,,
2,Bounty,1.00,3.00,5.00,3.00,1.00,5.00,5.00,1.00,5.00,5.00,5.00,2.00,2.00,,,,,,,,,,,
2,Duplo,4.00,3.00,5.00,4.00,1.00,5.00,5.00,1.00,5.00,5.00,3.00,4.00,4.00,,,,,,,,,,,
2,KinderBueno,4.00,4.00,5.00,3.00,1.00,5.00,5.00,1.00,5.00,5.00,4.00,2.00,2.00,,,,,,,,,,,
2,KinderRiegel,1.00,5.00,5.00,4.00,1.00,5.00,5.00,1.00,5.00,5.00,4.00,5.00,5.00,,,,,,,,,,,
2,KitKat,5.00,3.00,5.00,4.00,1.00,5.00,5.00,1.00,5.00,5.00,4.00,2.00,2.00,,,,,,,,,,,
2,Lion,4.00,3.00,5.00,3.00,1.00,5.00,5.00,1.00,5.00,5.00,4.00,4.00,4.00,,,,,,,,,,,
2,Mars,1.00,5.00,5.00,3.00,1.00,5.00,5.00,1.00,5.00,5.00,4.00,3.00,3.00,,,,,,,,,,,
2,Snickers,3.00,4.00,5.00,3.00,1.00,5.00,5.00,1.00,5.00,5.00,4.00,5.00,5.00,,,,,,,,,,,
2,Twix,5.00,2.00,5.00,4.00,1.00,5.00,5.00,1.00,5.00,5.00,5.00,3.00,4.00,,,,,,,,,,,
3,Balisto,4.00,2.00,4.00,4.00,2.00,5.00,3.00,1.00,4.00,4.00,3.00,2.00,3.18,,,,,,,,,,,
3,Bounty,2.00,4.00,5.00,4.00,1.00,5.00,1.00,1.00,4.00,3.00,4.00,2.00,4.00,,,,,,,,,,,
3,Duplo,4.00,2.00,5.00,5.00,1.00,5.00,1.00,4.00,4.00,4.00,4.00,2.00,5.00,,,,,,,,,,,
3,KinderBueno,4.00,5.00,5.00,5.00,1.00,4.00,1.00,4.00,4.00,4.00,4.00,4.00,2.00,,,,,,,,,,,
3,KinderRiegel,2.00,5.00,5.00,5.00,2.00,5.00,1.00,5.00,4.00,4.00,4.00,5.00,5.00,,,,,,,,,,,
3,KitKat,5.00,2.00,5.00,5.00,1.00,5.00,1.00,4.00,4.00,4.00,3.00,2.00,5.00,,,,,,,,,,,
3,Lion,4.00,4.00,4.00,4.00,1.00,5.00,1.00,2.00,4.00,4.00,4.00,1.00,3.21,,,,,,,,,,,
3,Mars,2.00,5.00,5.00,5.00,1.00,5.00,1.00,2.00,4.00,4.00,3.00,3.00,2.00,,,,,,,,,,,
3,Snickers,3.58,3.44,4.45,3.96,1.42,4.60,3.60,2.93,4.35,4.25,3.28,4.39,4.35,,,,,,,,,,,
3,Twix,4.00,4.00,4.00,4.00,1.00,4.00,1.00,2.00,4.00,4.00,2.00,2.00,4.06,,,,,,,,,,,
4,Balisto,4.00,2.00,4.00,4.00,3.00,4.00,4.00,2.00,2.00,3.00,4.00,3.00,2.00,,,,,,,,,,,
4,Bounty,1.00,3.00,4.00,1.00,1.00,3.00,4.00,3.05,3.00,4.00,4.00,2.00,2.00,,,,,,,,,,,
4,Duplo,3.00,2.00,5.00,5.00,2.00,4.00,4.00,5.00,3.00,4.00,4.00,5.00,5.00,,,,,,,,,,,
4,KinderBueno,2.00,4.00,4.00,5.00,2.00,4.00,4.00,5.00,4.00,2.00,3.00,3.00,1.00,,,,,,,,,,,
4,KinderRiegel,1.00,5.00,5.00,5.00,2.00,4.00,4.00,5.00,5.00,5.00,5.00,5.00,3.00,,,,,,,,,,,
4,KitKat,3.00,3.00,5.00,5.00,2.00,4.00,4.00,3.00,4.00,2.00,3.00,4.00,4.00,,,,,,,,,,,
4,Lion,3.00,4.00,5.00,5.00,2.00,5.00,4.00,2.00,3.00,4.00,4.00,2.00,4.00,,,,,,,,,,,
4,Mars,1.00,4.00,4.00,3.00,1.00,4.00,4.00,3.00,4.00,4.00,4.00,4.00,5.00,,,,,,,,,,,
4,Snickers,4.00,4.00,5.00,5.00,1.00,4.00,4.00,3.00,4.00,4.00,4.00,4.00,5.00,,,,,,,,,,,
4,Twix,4.00,2.00,4.00,3.00,1.00,3.00,4.00,2.00,4.00,3.00,4.00,4.00,5.00,,,,,,,,,,,
5,Balisto,5.00,4.00,5.00,5.00,4.00,4.00,5.00,2.00,3.00,5.00,5.00,3.00,3.00,,,,,,,,,,,
5,Bounty,1.98,3.21,4.44,3.44,1.66,4.23,3.53,3.05,4.02,3.96,3.91,3.45,2.90,,,,,,,,,,,
5,Duplo,3.00,5.00,5.00,5.00,3.00,4.00,4.00,5.00,5.00,5.00,5.00,5.00,5.00,,,,,,,,,,,
5,KinderBueno,5.00,5.00,5.00,5.00,3.00,4.00,5.00,5.00,5.00,5.00,5.00,4.00,4.00,,,,,,,,,,,
5,KinderRiegel,2.00,5.00,5.00,5.00,4.00,4.00,4.00,4.00,5.00,5.00,5.00,5.00,5.00,,,,,,,,,,,
5,KitKat,5.00,4.00,5.00,5.00,4.00,4.00,4.00,4.00,5.00,5.00,4.00,5.00,5.00,,,,,,,,,,,
5,Lion,5.00,5.00,5.00,5.00,3.00,4.00,5.00,5.00,5.00,5.00,5.00,5.00,5.00,,,,,,,,,,,
5,Mars,3.00,5.00,5.00,5.00,3.00,4.00,3.00,3.00,5.00,5.00,3.00,5.00,5.00,,,,,,,,,,,
5,Snickers,3.00,3.00,4.00,3.00,1.00,4.00,3.00,2.00,4.00,4.00,2.00,4.00,4.00,,,,,,,,,,,
5,Twix,5.00,5.00,5.00,5.00,3.00,4.00,5.00,5.00,5.00,5.00,5.00,5.00,5.00,,,,,,,,,,,
6,Balisto,5.00,3.00,4.00,4.00,3.00,5.00,3.00,3.00,3.00,4.00,5.00,4.00,4.00,,,,,,,,,,,
6,Bounty,3.00,4.00,5.00,3.00,2.00,5.00,4.00,3.00,3.00,4.00,5.00,4.00,3.00,,,,,,,,,,,
6,Duplo,4.00,3.00,5.00,4.00,2.00,5.00,4.00,5.00,5.00,5.00,4.00,5.00,5.00,,,,,,,,,,,
6,KinderBueno,4.00,4.00,4.00,3.00,2.00,5.00,4.00,3.00,3.00,4.00,4.00,5.00,4.00,,,,,,,,,,,
6,KinderRiegel,2.00,4.00,5.00,5.00,2.00,5.00,4.00,5.00,5.00,5.00,4.00,5.00,5.00,,,,,,,,,,,
6,KitKat,5.00,3.00,5.00,3.00,2.00,5.00,3.00,4.00,4.00,4.00,3.00,5.00,5.00,,,,,,,,,,,
6,Lion,5.00,3.00,5.00,4.00,2.00,5.00,4.00,3.00,3.00,3.00,4.00,5.00,4.00,,,,,,,,,,,
6,Mars,2.00,5.00,5.00,4.00,2.00,5.00,5.00,3.00,4.00,5.00,4.00,5.00,4.00,,,,,,,,,,,
6,Snickers,2.00,3.00,4.00,3.00,1.00,5.00,4.00,3.00,4.00,5.00,3.00,5.00,5.00,,,,,,,,,,,
6,Twix,5.00,3.00,5.00,4.00,2.00,5.00,3.00,2.00,4.00,3.00,5.00,5.00,5.00,,,,,,,,,,,
7,Balisto,4.00,2.00,4.00,3.00,2.00,4.00,3.00,2.92,3.00,4.00,3.00,3.00,3.18,,,,,,,,,,,
7,Bounty,3.00,2.00,4.00,3.00,2.00,4.00,4.00,3.05,4.00,3.96,3.00,4.00,2.90,,,,,,,,,,,
7,Duplo,2.00,2.00,4.00,3.00,2.00,4.00,3.00,3.27,4.00,4.06,2.00,4.00,4.00,,,,,,,,,,,
7,KinderBueno,2.00,5.00,4.00,4.00,2.00,4.00,3.00,3.62,4.00,3.80,3.00,3.00,3.00,,,,,,,,,,,
7,KinderRiegel,2.00,3.00,4.00,3.00,2.00,4.00,3.00,4.02,4.00,4.41,3.00,4.00,4.00,,,,,,,,,,,
7,KitKat,2.00,2.00,4.00,2.00,2.00,4.00,3.00,3.16,4.00,3.82,3.00,4.00,4.00,,,,,,,,,,,
7,Lion,2.00,4.00,4.00,3.00,2.00,4.00,4.00,3.25,3.00,4.00,3.00,2.00,3.21,,,,,,,,,,,
7,Mars,2.00,4.00,4.00,4.00,2.00,4.00,4.00,2.89,4.00,4.14,4.00,4.00,3.98,,,,,,,,,,,
7,Snickers,4.00,4.00,4.00,4.00,2.00,4.00,4.00,3.00,4.00,4.25,3.00,4.00,4.00,,,,,,,,,,,
7,Twix,2.00,4.00,4.00,3.00,2.00,4.00,4.00,3.28,4.00,4.04,4.00,4.00,4.06,,,,,,,,,,,
8,Balisto,4.47,1.91,4.05,3.86,2.28,4.09,3.42,2.92,3.49,4.00,3.41,3.16,3.18,,,,,,,,,,,
8,Bounty,4.00,3.00,5.00,5.00,5.00,5.00,5.00,5.00,5.00,5.00,5.00,5.00,5.00,,,,,,,,,,,
8,Duplo,5.00,2.00,5.00,5.00,1.00,4.00,4.00,1.00,4.00,4.00,4.00,5.00,5.00,,,,,,,,,,,
8,KinderBueno,5.00,5.00,5.00,5.00,1.49,5.00,5.00,2.00,2.00,2.00,2.00,5.00,5.00,,,,,,,,,,,
8,KinderRiegel,5.00,5.00,5.00,5.00,5.00,5.00,5.00,5.00,5.00,5.00,5.00,5.00,5.00,,,,,,,,,,,
8,KitKat,5.00,5.00,5.00,5.00,1.57,5.00,3.00,3.16,5.00,5.00,4.00,5.00,5.00,,,,,,,,,,,
8,Lion,5.00,5.00,5.00,5.00,2.00,5.00,3.00,1.00,3.80,4.00,3.55,5.00,5.00,,,,,,,,,,,
8,Mars,5.00,5.00,5.00,5.00,1.46,5.00,5.00,5.00,5.00,5.00,1.00,5.00,5.00,,,,,,,,,,,
8,Snickers,5.00,5.00,5.00,5.00,1.00,5.00,2.00,1.00,5.00,3.00,5.00,5.00,4.35,,,,,,,,,,,
8,Twix,5.00,5.00,5.00,5.00,5.00,5.00,4.00,5.00,5.00,4.00,4.00,5.00,5.00,,,,,,,,,,,
9,Balisto,5.00,1.00,4.00,4.00,1.00,5.00,3.42,2.00,2.00,1.00,2.00,3.00,3.18,,,,,,,,,,,
9,Bounty,1.00,1.00,1.00,1.00,1.00,1.00,3.53,1.00,1.00,1.00,1.00,1.00,2.90,,,,,,,,,,,
9,Duplo,5.00,5.00,5.00,5.00,1.00,5.00,3.09,2.00,2.00,4.00,4.00,4.00,4.37,,,,,,,,,,,
9,KinderBueno,5.00,5.00,5.00,5.00,1.00,5.00,3.48,5.00,1.00,1.00,5.00,4.00,3.00,,,,,,,,,,,
9,KinderRiegel,1.00,5.00,5.00,5.00,1.00,5.00,3.44,5.00,5.00,4.00,2.00,4.00,4.45,,,,,,,,,,,
9,KitKat,4.00,2.00,2.00,2.00,1.00,5.00,3.27,2.00,4.00,1.00,4.00,4.00,3.90,,,,,,,,,,,
9,Lion,1.00,1.00,1.00,1.00,1.00,5.00,3.82,1.00,1.00,1.00,1.00,1.00,3.21,,,,,,,,,,,
9,Mars,1.00,1.00,4.00,2.00,1.00,5.00,3.67,2.00,4.00,5.00,5.00,4.00,3.98,,,,,,,,,,,
9,Snickers,5.00,1.00,4.00,5.00,1.00,5.00,3.60,2.93,5.00,5.00,5.00,5.00,4.35,,,,,,,,,,,
9,Twix,5.00,4.00,4.00,2.00,1.00,5.00,3.58,3.00,4.00,2.00,2.00,3.00,4.06,,,,,,,,,,,
10,Balisto,4.00,5.00,4.00,4.00,1.00,5.00,5.00,4.00,4.00,5.00,4.00,3.00,5.00,,,,,,,,,,,
10,Bounty,2.00,5.00,5.00,4.00,1.00,5.00,5.00,4.00,4.00,5.00,4.00,3.00,2.00,,,,,,,,,,,
10,Duplo,5.00,2.00,5.00,5.00,1.00,5.00,5.00,4.00,4.00,5.00,4.00,3.00,3.00,,,,,,,,,,,
10,KinderBueno,3.00,4.00,5.00,4.00,1.00,5.00,5.00,4.00,4.00,3.00,4.00,2.00,1.00,,,,,,,,,,,
10,KinderRiegel,1.00,5.00,5.00,5.00,1.00,5.00,5.00,5.00,4.00,5.00,5.00,5.00,5.00,,,,,,,,,,,
10,KitKat,5.00,3.00,5.00,5.00,1.00,5.00,4.00,3.00,3.00,3.00,2.00,4.00,5.00,,,,,,,,,,,
10,Lion,4.00,4.00,5.00,5.00,1.00,5.00,5.00,3.00,3.00,5.00,3.00,2.00,2.00,,,,,,,,,,,
10,Mars,2.00,3.00,5.00,4.00,1.00,5.00,5.00,4.00,3.00,5.00,3.00,3.00,3.00,,,,,,,,,,,
10,Snickers,3.00,4.00,5.00,5.00,1.00,5.00,5.00,4.00,4.00,3.00,3.00,5.00,5.00,,,,,,,,,,,
10,Twix,4.00,4.00,5.00,3.00,1.00,5.00,5.00,5.00,4.00,4.00,4.00,4.00,4.00,,,,,,,,,,,
11,Balisto,4.00,2.00,3.00,3.00,4.00,4.00,3.00,3.00,4.00,4.00,4.00,3.00,4.00,,,,,,,,,,,
11,Bounty,3.00,4.00,4.00,4.00,1.00,4.00,4.00,4.00,4.00,4.00,4.00,3.00,3.00,,,,,,,,,,,
11,Duplo,4.00,2.00,4.00,4.00,1.00,4.00,4.00,3.00,4.00,4.00,4.00,3.00,3.00,,,,,,,,,,,
11,KinderBueno,3.00,3.00,3.00,3.00,1.00,4.00,4.00,1.00,4.00,4.00,4.00,3.00,3.00,,,,,,,,,,,
11,KinderRiegel,4.00,5.00,5.00,5.00,1.00,4.00,4.00,5.00,5.00,5.00,5.00,5.00,5.00,,,,,,,,,,,
11,KitKat,3.00,3.00,4.00,4.00,1.00,4.00,4.00,3.00,4.00,4.00,4.00,3.00,3.00,,,,,,,,,,,
11,Lion,4.00,4.00,4.00,4.00,1.00,4.00,4.00,3.00,4.00,4.00,4.00,3.00,3.00,,,,,,,,,,,
11,Mars,3.00,4.00,4.00,4.00,1.00,4.00,4.00,4.00,4.00,4.00,4.00,3.00,3.00,,,,,,,,,,,
11,Snickers,4.00,4.00,4.00,4.00,1.00,4.00,4.00,3.00,4.00,4.00,4.00,4.00,3.00,,,,,,,,,,,
11,Twix,4.00,3.00,3.00,4.00,1.00,4.00,4.00,3.00,4.00,4.00,4.00,3.00,3.00,,,,,,,,,,,
12,Balisto,5.00,2.00,5.00,3.00,4.00,5.00,4.00,2.00,4.00,5.00,5.00,5.00,5.00,,,,,,,,,,,
12,Bounty,1.00,4.00,5.00,4.00,5.00,5.00,4.00,5.00,5.00,5.00,5.00,5.00,2.00,,,,,,,,,,,
12,Duplo,5.00,4.00,5.00,5.00,4.00,4.00,4.00,5.00,5.00,5.00,5.00,5.00,5.00,,,,,,,,,,,
12,KinderBueno,5.00,5.00,5.00,2.00,4.00,4.00,4.00,5.00,5.00,5.00,5.00,4.00,4.00,,,,,,,,,,,
12,KinderRiegel,2.00,5.00,5.00,5.00,4.00,4.00,3.00,5.00,5.00,5.00,5.00,5.00,5.00,,,,,,,,,,,
12,KitKat,5.00,1.00,5.00,4.00,4.00,3.00,3.00,2.00,5.00,5.00,5.00,5.00,5.00,,,,,,,,,,,
12,Lion,4.00,3.00,5.00,4.00,4.00,5.00,5.00,3.00,5.00,5.00,5.00,5.00,5.00,,,,,,,,,,,
12,Mars,1.00,5.00,5.00,3.00,5.00,5.00,5.00,5.00,4.00,5.00,5.00,5.00,5.00,,,,,,,,,,,
12,Snickers,4.00,3.00,5.00,4.00,5.00,5.00,5.00,3.00,4.00,5.00,5.00,5.00,3.00,,,,,,,,,,,
12,Twix,5.00,4.00,5.00,3.00,4.00,5.00,5.00,3.00,5.00,5.00,5.00,5.00,5.00,,,,,,,,,,,
13,Balisto,5.00,1.00,3.00,4.00,3.00,1.00,2.00,2.00,2.00,4.00,4.00,5.00,2.00,,,,,,,,,,,
13,Bounty,1.00,4.00,5.00,3.00,1.00,4.00,4.00,3.00,4.00,3.00,3.00,2.00,2.90,,,,,,,,,,,
13,Duplo,2.00,1.00,2.00,5.00,2.00,3.00,3.00,1.00,4.00,3.00,3.00,4.00,2.00,,,,,,,,,,,
13,KinderBueno,4.00,4.00,5.00,4.00,1.00,4.00,3.00,2.00,4.00,3.00,4.00,3.00,1.00,,,,,,,,,,,
13,KinderRiegel,1.00,2.00,3.00,5.00,2.00,4.00,3.00,2.00,3.00,3.00,3.00,5.00,5.00,,,,,,,,,,,
13,KitKat,4.00,1.00,2.00,4.00,1.00,4.00,3.00,2.00,4.00,3.00,3.00,5.00,5.00,,,,,,,,,,,
13,Lion,4.00,5.00,5.00,4.00,1.00,5.00,5.00,5.00,4.00,4.00,4.00,5.00,2.00,,,,,,,,,,,
13,Mars,2.00,5.00,4.00,2.00,1.00,5.00,4.00,2.00,5.00,3.00,4.00,5.00,5.00,,,,,,,,,,,
13,Snickers,5.00,5.00,4.00,4.00,1.00,5.00,4.00,5.00,5.00,5.00,4.00,5.00,5.00,,,,,,,,,,,
13,Twix,4.00,4.00,4.00,5.00,1.00,5.00,4.00,5.00,5.00,5.00,4.00,5.00,5.00,,,,,,,,,,,
14,Balisto,4.00,2.00,4.00,4.00,3.00,4.00,2.00,3.00,3.00,4.00,3.00,3.00,3.00,,,,,,,,,,,
14,Bounty,2.00,3.00,4.00,3.00,2.00,4.00,3.00,3.00,4.00,4.00,4.00,4.00,3.00,,,,,,,,,,,
14,Duplo,4.00,3.00,4.00,4.00,2.00,4.00,2.00,4.00,4.00,4.00,4.00,4.00,5.00,,,,,,,,,,,
14,KinderBueno,4.00,3.00,4.00,2.00,2.00,4.00,3.00,4.00,3.00,2.00,3.00,2.00,2.00,,,,,,,,,,,
14,KinderRiegel,2.00,4.00,4.00,4.00,2.00,4.00,4.00,5.00,5.00,5.00,4.00,4.00,5.00,,,,,,,,,,,
14,KitKat,4.00,2.00,4.00,4.00,1.00,4.00,3.00,3.00,4.00,4.00,3.00,4.00,3.00,,,,,,,,,,,
14,Lion,4.00,4.00,5.00,4.00,1.00,4.00,5.00,3.00,4.00,4.00,3.00,3.00,2.00,,,,,,,,,,,
14,Mars,2.00,4.00,5.00,4.00,1.00,5.00,5.00,3.00,5.00,4.00,2.00,4.00,3.00,,,,,,,,,,,
14,Snickers,3.00,3.00,5.00,4.00,1.00,4.00,4.00,4.00,4.00,4.00,2.00,4.00,5.00,,,,,,,,,,,
14,Twix,4.00,2.00,5.00,3.00,1.00,4.00,4.00,4.00,5.00,4.00,3.00,4.00,4.00,,,,,,,,,,,
15,Balisto,4.47,1.91,4.05,3.86,2.28,4.09,3.42,2.92,4.00,4.00,3.00,4.00,2.00,,,,,,,,,,,
15,Bounty,1.00,2.00,4.00,4.00,1.00,4.00,4.00,4.00,4.00,4.00,3.00,4.00,4.00,,,,,,,,,,,
15,Duplo,4.00,1.00,5.00,4.00,1.00,4.00,3.00,4.00,4.00,3.00,3.00,5.00,3.00,,,,,,,,,,,
15,KinderBueno,3.77,4.45,4.57,3.80,1.00,4.31,3.48,3.62,4.00,4.00,3.00,4.00,2.00,,,,,,,,,,,
15,KinderRiegel,2.00,3.00,5.00,4.00,2.00,3.00,3.00,2.00,4.00,3.00,3.00,5.00,4.00,,,,,,,,,,,
15,KitKat,5.00,1.00,5.00,4.00,1.00,5.00,3.00,5.00,5.00,5.00,4.00,5.00,3.00,,,,,,,,,,,
15,Lion,4.00,1.00,4.00,4.00,1.00,4.00,3.00,4.00,4.00,4.00,3.00,4.00,2.00,,,,,,,,,,,
15,Mars,2.00,5.00,5.00,2.00,1.00,4.00,4.00,2.00,5.00,5.00,4.00,5.00,5.00,,,,,,,,,,,
15,Snickers,4.00,2.00,3.00,2.00,2.00,5.00,4.00,5.00,5.00,4.00,3.00,5.00,5.00,,,,,,,,,,,
15,Twix,4.00,1.00,4.00,2.00,1.00,5.00,4.00,4.00,5.00,5.00,4.00,5.00,3.00,,,,,,,,,,,
16,Balisto,5.00,1.00,3.00,3.00,1.00,3.00,3.42,2.92,3.49,4.00,3.41,3.00,3.00,,,,,,,,,,,
16,Bounty,1.00,5.00,4.00,3.00,1.00,4.00,3.53,3.05,4.02,4.00,3.91,3.00,3.00,,,,,,,,,,,
16,Duplo,4.00,1.00,3.00,3.00,1.00,4.00,3.09,3.27,3.98,4.00,3.55,4.00,4.00,,,,,,,,,,,
16,KinderBueno,4.00,4.00,4.00,3.00,1.00,4.00,3.00,3.00,3.00,4.00,3.00,2.00,2.00,,,,,,,,,,,
16,KinderRiegel,3.00,3.00,4.00,4.00,1.00,3.00,3.44,4.02,4.47,5.00,4.00,5.00,5.00,,,,,,,,,,,
16,KitKat,5.00,1.00,4.00,4.00,1.00,4.00,3.27,3.00,3.00,5.00,3.53,5.00,4.00,,,,,,,,,,,
16,Lion,4.00,3.00,4.00,3.00,1.00,4.00,3.82,3.25,3.80,3.00,3.55,3.00,2.00,,,,,,,,,,,
16,Mars,1.00,5.00,5.00,2.00,1.00,4.00,3.67,3.00,3.00,2.00,3.49,4.00,3.00,,,,,,,,,,,
16,Snickers,3.00,4.00,4.00,2.00,1.00,5.00,2.00,2.93,4.35,3.00,3.00,5.00,4.00,,,,,,,,,,,
16,Twix,5.00,2.00,4.00,3.00,1.00,4.00,3.58,3.00,4.28,4.00,3.60,3.00,3.00,,,,,,,,,,,
17,Balisto,4.00,2.00,5.00,5.00,2.00,5.00,4.00,3.00,4.00,4.00,3.00,4.00,4.00,,,,,,,,,,,
17,Bounty,3.00,3.00,5.00,5.00,1.00,5.00,4.00,3.00,4.00,4.00,4.00,4.00,4.00,,,,,,,,,,,
17,Duplo,4.00,2.00,5.00,5.00,1.00,4.00,3.00,3.00,4.00,4.00,3.00,4.00,4.00,,,,,,,,,,,
17,KinderBueno,3.00,4.00,5.00,4.00,1.00,4.00,3.00,3.00,2.00,2.00,3.00,2.00,3.00,,,,,,,,,,,
17,KinderRiegel,2.00,4.00,5.00,5.00,1.00,4.00,4.00,3.00,4.00,3.00,3.00,3.00,3.00,,,,,,,,,,,
17,KitKat,4.00,3.00,5.00,5.00,1.00,4.00,4.00,4.00,4.00,4.00,4.00,4.00,4.00,,,,,,,,,,,
17,Lion,4.00,4.00,5.00,5.00,1.00,5.00,4.00,3.00,4.00,4.00,3.00,3.00,3.00,,,,,,,,,,,
17,Mars,3.00,4.00,5.00,5.00,1.00,5.00,4.00,3.00,4.00,4.00,3.00,4.00,4.00,,,,,,,,,,,
17,Snickers,3.00,4.00,5.00,5.00,1.00,5.00,5.00,4.00,4.00,4.00,3.00,4.00,4.00,,,,,,,,,,,
17,Twix,4.00,4.00,5.00,5.00,1.00,5.00,5.00,5.00,5.00,5.00,3.00,3.00,4.00,,,,,,,,,,,
18,Balisto,4.47,1.91,4.05,3.86,2.28,4.09,3.42,2.92,3.49,4.00,3.41,3.16,3.18,,,,,,,,,,,
18,Bounty,2.00,1.00,5.00,3.00,1.00,2.00,4.00,2.00,5.00,3.00,3.00,3.00,3.00,,,,,,,,,,,
18,Duplo,4.00,1.00,5.00,5.00,1.00,4.00,3.09,3.00,4.00,4.00,4.00,4.00,4.00,,,,,,,,,,,
18,KinderBueno,4.00,5.00,5.00,2.00,1.00,2.00,3.48,4.00,3.00,5.00,4.00,3.00,3.00,,,,,,,,,,,
18,KinderRiegel,2.00,3.00,5.00,5.00,1.00,5.00,5.00,5.00,5.00,5.00,5.00,5.00,5.00,,,,,,,,,,,
18,KitKat,4.00,1.00,4.00,4.00,1.00,3.00,3.00,3.00,3.00,4.00,3.00,3.00,3.00,,,,,,,,,,,
18,Lion,4.19,3.37,4.57,4.05,1.57,4.64,3.82,3.25,3.80,4.00,3.55,3.44,3.21,,,,,,,,,,,
18,Mars,1.00,4.00,4.00,2.00,1.00,3.00,3.00,3.00,3.00,3.00,3.00,3.00,3.00,,,,,,,,,,,
18,Snickers,3.00,3.00,3.00,3.00,3.00,3.00,3.00,3.00,3.00,3.00,3.00,3.00,3.00,,,,,,,,,,,
18,Twix,1.00,4.00,4.00,2.00,1.00,5.00,3.00,3.00,3.00,3.00,3.00,3.00,3.00,,,,,,,,,,,
19,Balisto,4.00,2.00,3.00,3.00,3.00,3.00,3.00,2.00,3.00,3.00,4.00,4.00,4.00,,,,,,,,,,,
19,Bounty,2.00,2.00,2.00,4.00,1.00,5.00,2.00,2.00,3.00,3.00,5.00,5.00,2.00,,,,,,,,,,,
19,Duplo,5.00,3.00,5.00,4.00,1.00,5.00,2.00,2.00,3.00,3.00,5.00,5.00,5.00,,,,,,,,,,,
19,KinderBueno,5.00,5.00,5.00,4.00,1.00,5.00,1.00,3.00,3.00,3.00,5.00,5.00,2.00,,,,,,,,,,,
19,KinderRiegel,2.00,5.00,4.00,3.00,1.00,5.00,2.00,2.00,3.00,3.00,5.00,5.00,5.00,,,,,,,,,,,
19,KitKat,5.00,2.00,4.00,4.00,1.00,5.00,1.00,2.00,3.00,3.00,5.00,5.00,5.00,,,,,,,,,,,
19,Lion,5.00,3.00,5.00,4.00,1.00,5.00,2.00,2.00,3.00,3.00,4.00,2.00,2.00,,,,,,,,,,,
19,Mars,2.00,5.00,5.00,4.00,1.00,5.00,2.00,2.00,3.00,3.00,5.00,5.00,5.00,,,,,,,,,,,
19,Snickers,3.00,5.00,5.00,4.00,1.00,5.00,1.00,3.00,3.00,4.00,3.00,5.00,5.00,,,,,,,,,,,
19,Twix,5.00,5.00,4.00,4.00,1.00,5.00,1.00,3.00,3.00,4.00,5.00,5.00,2.00,,,,,,,,,,,
20,Balisto,5.00,1.00,4.00,5.00,3.00,2.00,3.00,2.00,3.00,3.00,3.41,2.00,4.00,,,,,,,,,,,
20,Bounty,2.00,2.00,5.00,5.00,3.00,3.00,3.00,4.00,4.00,4.00,5.00,3.00,2.00,,,,,,,,,,,
20,Duplo,3.00,2.00,4.00,4.00,2.00,4.00,2.00,4.00,4.00,4.00,4.00,5.00,5.00,,,,,,,,,,,
20,KinderBueno,3.00,5.00,5.00,4.00,2.00,3.00,2.00,5.00,4.00,5.00,4.00,3.00,2.00,,,,,,,,,,,
20,KinderRiegel,1.00,2.00,5.00,3.00,1.00,4.00,2.00,1.00,5.00,4.00,4.00,5.00,5.00,,,,,,,,,,,
20,KitKat,5.00,1.00,3.00,4.00,2.00,4.00,2.00,2.00,4.00,4.00,3.00,2.00,3.00,,,,,,,,,,,
20,Lion,4.19,3.37,4.57,4.05,1.57,4.64,3.82,3.25,3.80,4.00,3.55,3.44,3.21,,,,,,,,,,,
20,Mars,1.00,5.00,5.00,3.00,2.00,5.00,3.00,2.00,4.00,4.00,4.00,3.00,5.00,,,,,,,,,,,
20,Snickers,5.00,4.00,5.00,3.00,1.00,4.00,3.00,2.00,5.00,5.00,3.00,4.00,3.00,,,,,,,,,,,
20,Twix,3.00,3.00,4.00,4.00,2.00,4.00,2.00,2.00,4.00,4.00,3.00,5.00,5.00,,,,,,,,,,,
21,Balisto,5.00,1.00,4.00,4.00,4.00,4.00,3.00,3.00,3.00,4.00,4.00,3.00,3.00,,,,,,,,,,,
21,Bounty,1.00,4.00,5.00,4.00,3.00,4.00,3.00,4.00,4.00,4.00,4.00,4.00,2.00,,,,,,,,,,,
21,Duplo,4.00,2.00,4.00,3.00,1.00,4.00,3.00,1.00,3.00,3.00,3.00,3.00,5.00,,,,,,,,,,,
21,KinderBueno,4.00,4.00,5.00,5.00,1.49,4.00,3.00,4.00,4.00,5.00,4.00,3.00,3.00,,,,,,,,,,,
21,KinderRiegel,1.00,5.00,4.00,5.00,2.00,3.00,3.00,5.00,5.00,5.00,5.00,5.00,5.00,,,,,,,,,,,
21,KitKat,5.00,1.00,5.00,4.00,1.57,4.00,3.00,1.00,3.00,2.00,2.00,3.00,3.00,,,,,,,,,,,
21,Lion,4.00,2.00,5.00,4.00,1.00,5.00,3.00,4.00,3.00,5.00,4.00,3.00,2.00,,,,,,,,,,,
21,Mars,1.00,5.00,5.00,4.00,1.46,5.00,3.00,2.00,3.00,5.00,2.00,4.00,3.00,,,,,,,,,,,
21,Snickers,3.00,4.00,5.00,4.00,1.42,5.00,3.00,3.00,4.00,5.00,2.00,4.00,5.00,,,,,,,,,,,
21,Twix,5.00,4.00,5.00,4.00,1.51,5.00,3.00,4.00,3.00,3.00,2.00,5.00,4.00,,,,,,,,,,,
22,Balisto,5.00,2.00,4.00,4.00,2.00,3.00,3.00,3.00,2.00,3.00,3.00,2.00,2.00,,,,,,,,,,,
22,Bounty,2.00,2.00,4.00,4.00,2.00,3.00,3.00,3.00,3.00,3.00,3.00,3.00,2.00,,,,,,,,,,,
22,Duplo,5.00,3.00,4.00,4.00,2.00,3.00,3.00,4.00,4.00,3.00,3.00,4.00,5.00,,,,,,,,,,,
22,KinderBueno,4.00,5.00,5.00,4.00,2.00,3.00,3.00,4.00,3.00,3.00,3.00,3.00,2.00,,,,,,,,,,,
22,KinderRiegel,2.00,5.00,4.00,4.00,2.00,3.00,3.00,4.00,4.00,3.00,3.00,4.00,4.00,,,,,,,,,,,
22,KitKat,5.00,3.00,4.00,4.00,2.00,3.00,3.00,3.00,4.00,3.00,3.00,5.00,4.00,,,,,,,,,,,
22,Lion,5.00,3.00,4.00,4.00,2.00,3.00,3.00,4.00,3.00,4.00,3.00,3.00,4.00,,,,,,,,,,,
22,Mars,3.00,5.00,5.00,5.00,2.00,3.00,3.00,3.00,4.00,3.00,4.00,4.00,2.00,,,,,,,,,,,
22,Snickers,5.00,4.00,4.00,4.00,2.00,3.00,3.00,3.00,4.00,4.00,3.00,5.00,4.00,,,,,,,,,,,
22,Twix,5.00,4.00,4.00,4.00,2.00,3.00,3.00,3.00,4.00,3.00,3.00,4.00,2.00,,,,,,,,,,,
23,Balisto,4.00,3.00,5.00,4.00,3.00,5.00,5.00,4.00,5.00,5.00,4.00,5.00,4.00,,,,,,,,,,,
23,Bounty,2.00,4.00,5.00,3.00,2.00,5.00,5.00,4.00,5.00,5.00,3.00,5.00,4.00,,,,,,,,,,,
23,Duplo,5.00,4.00,5.00,4.00,2.00,4.00,4.00,4.00,5.00,5.00,3.00,5.00,4.00,,,,,,,,,,,
23,KinderBueno,4.00,5.00,5.00,3.00,2.00,3.00,3.00,4.00,5.00,5.00,3.00,3.00,2.00,,,,,,,,,,,
23,KinderRiegel,2.00,4.00,5.00,5.00,2.00,5.00,4.00,5.00,5.00,5.00,4.00,5.00,4.00,,,,,,,,,,,
23,KitKat,5.00,4.00,5.00,5.00,2.00,4.00,4.00,5.00,5.00,4.00,4.00,5.00,5.00,,,,,,,,,,,
23,Lion,5.00,5.00,5.00,4.00,2.00,5.00,5.00,4.00,5.00,5.00,4.00,5.00,4.00,,,,,,,,,,,
23,Mars,2.00,3.00,4.00,4.00,2.00,3.00,5.00,4.00,5.00,5.00,4.00,5.00,5.00,,,,,,,,,,,
23,Snickers,4.00,4.00,5.00,4.00,2.00,4.00,5.00,3.00,5.00,5.00,2.00,4.00,4.00,,,,,,,,,,,
23,Twix,4.00,4.00,5.00,3.00,2.00,4.00,4.00,3.00,5.00,5.00,3.00,5.00,5.00,,,,,,,,,,,
24,Balisto,4.00,1.00,3.00,3.00,1.00,5.00,4.00,2.00,3.00,4.00,3.00,2.00,1.00,,,,,,,,,,,
24,Bounty,2.00,4.00,3.00,3.00,1.00,5.00,3.00,2.00,4.00,4.00,5.00,4.00,4.00,,,,,,,,,,,
24,Duplo,4.00,2.00,4.00,4.00,1.00,5.00,3.00,3.00,4.00,4.00,4.00,4.00,4.00,,,,,,,,,,,
24,KinderBueno,3.00,5.00,4.00,3.00,1.00,5.00,3.00,3.00,4.00,3.00,2.00,4.00,3.00,,,,,,,,,,,
24,KinderRiegel,1.00,5.00,5.00,5.00,1.00,5.00,3.00,5.00,5.00,5.00,5.00,5.00,5.00,,,,,,,,,,,
24,KitKat,5.00,1.00,4.00,4.00,1.00,5.00,3.00,3.00,4.00,4.00,4.00,5.00,5.00,,,,,,,,,,,
24,Lion,4.00,4.00,4.00,4.00,1.00,5.00,3.00,2.00,2.00,4.00,4.00,2.00,1.00,,,,,,,,,,,
24,Mars,2.00,3.00,4.00,3.00,1.00,5.00,2.00,2.00,4.00,5.00,3.00,4.00,4.00,,,,,,,,,,,
24,Snickers,4.00,4.00,4.00,4.00,1.00,5.00,3.00,3.00,4.00,4.00,5.00,5.00,5.00,,,,,,,,,,,
24,Twix,4.00,4.00,4.00,3.00,1.00,5.00,3.00,3.00,4.00,3.00,3.00,4.00,4.00,,,,,,,,,,,
25,Balisto,5.00,1.00,4.00,3.00,1.00,4.00,2.00,4.00,4.00,5.00,5.00,2.00,1.00,,,,,,,,,,,
25,Bounty,1.00,4.00,5.00,1.00,1.00,5.00,1.00,2.00,5.00,5.00,5.00,2.00,1.00,,,,,,,,,,,
25,Duplo,5.00,2.00,5.00,4.00,1.00,5.00,1.00,4.00,5.00,5.00,4.00,5.00,5.00,,,,,,,,,,,
25,KinderBueno,5.00,5.00,4.00,2.00,1.00,5.00,2.00,5.00,5.00,4.00,4.00,5.00,2.00,,,,,,,,,,,
25,KinderRiegel,1.00,4.00,5.00,5.00,1.00,5.00,1.00,5.00,5.00,5.00,5.00,5.00,4.00,,,,,,,,,,,
25,KitKat,5.00,1.00,5.00,5.00,1.00,5.00,1.00,5.00,5.00,5.00,5.00,2.00,2.00,,,,,,,,,,,
25,Lion,4.19,3.37,4.57,4.05,1.57,4.64,3.82,3.25,3.80,4.00,3.55,3.44,3.21,,,,,,,,,,,
25,Mars,1.00,5.00,5.00,2.00,1.00,5.00,1.00,2.00,5.00,5.00,4.00,5.00,5.00,,,,,,,,,,,
25,Snickers,2.00,4.00,5.00,4.00,1.00,5.00,2.00,2.00,5.00,5.00,3.00,3.00,4.00,,,,,,,,,,,
25,Twix,5.00,2.00,5.00,4.00,1.00,5.00,2.00,2.00,5.00,5.00,4.00,2.00,2.00,,,,,,,,,,,
26,Balisto,4.47,1.91,4.05,3.86,2.28,4.09,3.42,2.92,3.49,4.00,3.41,3.16,3.18,,,,,,,,,,,
26,Bounty,1.98,3.21,4.44,3.44,1.66,4.23,3.53,3.05,4.02,3.96,3.91,3.45,2.90,,,,,,,,,,,
26,Duplo,4.00,4.00,4.00,3.00,2.00,3.00,3.00,3.00,4.00,4.00,4.00,4.00,5.00,,,,,,,,,,,
26,KinderBueno,2.00,4.00,4.00,4.00,2.00,4.00,4.00,3.00,4.00,5.00,5.00,4.00,3.00,,,,,,,,,,,
26,KinderRiegel,1.00,4.00,4.00,4.00,2.00,4.00,4.00,4.00,4.00,4.00,4.00,4.00,4.00,,,,,,,,,,,
26,KitKat,4.00,4.00,4.00,4.00,2.00,4.00,4.00,3.00,4.00,3.00,4.00,3.00,3.00,,,,,,,,,,,
26,Lion,4.19,3.37,4.57,4.05,1.57,4.64,3.82,3.25,3.80,4.00,3.55,3.44,3.21,,,,,,,,,,,
26,Mars,2.00,4.00,4.00,4.00,2.00,5.00,4.00,4.00,5.00,5.00,5.00,5.00,5.00,,,,,,,,,,,
26,Snickers,3.00,3.00,5.00,4.00,2.00,5.00,4.00,3.00,5.00,5.00,4.00,5.00,5.00,,,,,,,,,,,
26,Twix,4.00,3.00,4.00,4.00,2.00,5.00,4.00,3.00,5.00,5.00,4.00,5.00,4.00,,,,,,,,,,,
27,Balisto,4.00,2.00,5.00,5.00,2.00,5.00,5.00,4.00,4.00,5.00,3.00,4.00,3.00,,,,,,,,,,,
27,Bounty,3.00,3.00,5.00,4.00,2.00,5.00,5.00,3.00,4.00,5.00,4.00,5.00,3.00,,,,,,,,,,,
27,Duplo,3.00,4.00,5.00,5.00,2.00,5.00,5.00,4.00,4.00,5.00,4.00,5.00,4.00,,,,,,,,,,,
27,KinderBueno,2.00,4.00,5.00,5.00,1.00,5.00,5.00,4.00,4.00,5.00,4.00,5.00,5.00,,,,,,,,,,,
27,KinderRiegel,3.00,4.00,5.00,5.00,2.00,5.00,5.00,4.00,4.00,5.00,4.00,5.00,4.00,,,,,,,,,,,
27,KitKat,5.00,2.00,5.00,5.00,2.00,5.00,5.00,4.00,5.00,5.00,4.00,5.00,4.00,,,,,,,,,,,
27,Lion,4.00,3.00,5.00,5.00,2.00,5.00,5.00,3.00,5.00,5.00,4.00,5.00,3.00,,,,,,,,,,,
27,Mars,3.00,3.00,4.00,5.00,1.00,5.00,5.00,4.00,4.00,5.00,3.00,5.00,3.00,,,,,,,,,,,
27,Snickers,3.00,3.00,4.00,5.00,1.00,4.00,4.00,3.00,4.00,4.00,3.00,5.00,3.00,,,,,,,,,,,
27,Twix,4.00,3.00,5.00,4.00,1.00,5.00,5.00,3.00,4.00,4.00,3.00,4.00,3.00,,,,,,,,,,,
28,Balisto,5.00,2.00,4.00,4.00,3.00,3.00,3.00,2.00,5.00,4.00,3.00,3.00,3.00,,,,,,,,,,,
28,Bounty,2.00,2.00,4.00,4.00,2.00,4.00,2.00,2.00,5.00,4.00,4.00,4.00,4.00,,,,,,,,,,,
28,Duplo,5.00,3.00,4.00,4.00,2.00,4.00,2.00,2.00,5.00,4.00,4.00,5.00,5.00,,,,,,,,,,,
28,KinderBueno,4.00,5.00,5.00,5.00,2.00,4.00,2.00,2.00,5.00,4.00,4.00,3.00,3.00,,,,,,,,,,,
28,KinderRiegel,2.00,4.00,4.00,4.00,2.00,4.00,2.00,2.00,5.00,4.00,4.00,4.00,4.00,,,,,,,,,,,
28,KitKat,5.00,2.00,4.00,4.00,2.00,4.00,2.00,2.00,5.00,4.00,4.00,4.00,4.00,,,,,,,,,,,
28,Lion,5.00,5.00,4.00,4.00,2.00,4.00,2.00,3.00,5.00,4.00,4.00,5.00,4.00,,,,,,,,,,,
28,Mars,2.00,4.00,5.00,4.00,2.00,4.00,2.00,2.00,5.00,4.00,4.00,5.00,5.00,,,,,,,,,,,
28,Snickers,3.00,4.00,4.00,4.00,2.00,5.00,2.00,2.00,4.00,4.00,3.00,4.00,4.00,,,,,,,,,,,
28,Twix,4.00,3.00,4.00,4.00,2.00,4.00,2.00,2.00,5.00,4.00,4.00,4.00,4.00,,,,,,,,,,,
29,Balisto,5.00,1.00,4.00,4.00,2.00,4.00,3.42,4.00,4.00,5.00,2.00,2.00,2.00,,,,,,,,,,,
29,Bounty,4.00,2.00,5.00,5.00,1.00,5.00,3.53,3.00,5.00,5.00,5.00,4.00,2.00,,,,,,,,,,,
29,Duplo,4.00,2.00,4.00,4.00,1.00,4.00,3.09,3.00,4.00,4.00,4.00,4.00,4.00,,,,,,,,,,,
29,KinderBueno,5.00,4.00,5.00,5.00,1.00,4.00,3.48,3.00,5.00,5.00,5.00,5.00,5.00,,,,,,,,,,,
29,KinderRiegel,1.00,4.00,5.00,5.00,1.00,5.00,3.44,3.00,5.00,5.00,5.00,3.00,4.00,,,,,,,,,,,
29,KitKat,5.00,2.00,5.00,4.00,1.00,5.00,3.27,3.00,5.00,5.00,5.00,5.00,5.00,,,,,,,,,,,
29,Lion,4.00,2.00,4.00,4.00,1.00,5.00,3.82,4.00,5.00,5.00,3.00,2.00,1.00,,,,,,,,,,,
29,Mars,1.00,5.00,5.00,5.00,1.00,5.00,3.67,3.00,5.00,5.00,5.00,5.00,5.00,,,,,,,,,,,
29,Snickers,5.00,2.00,5.00,5.00,1.00,5.00,3.60,3.00,3.00,5.00,5.00,5.00,5.00,,,,,,,,,,,
29,Twix,5.00,2.00,5.00,5.00,1.00,5.00,3.58,3.00,5.00,5.00,5.00,5.00,5.00,,,,,,,,,,,
30,Balisto,5.00,1.00,5.00,5.00,1.00,5.00,5.00,5.00,3.00,5.00,4.00,3.00,3.00,,,,,,,,,,,
30,Bounty,1.00,5.00,5.00,5.00,1.00,5.00,5.00,5.00,5.00,5.00,5.00,3.00,3.00,,,,,,,,,,,
30,Duplo,5.00,1.00,5.00,5.00,1.00,5.00,1.00,1.00,3.00,5.00,2.00,5.00,5.00,,,,,,,,,,,
30,KinderBueno,5.00,5.00,5.00,5.00,1.00,5.00,5.00,5.00,5.00,5.00,5.00,4.00,4.00,,,,,,,,,,,
30,KinderRiegel,1.00,5.00,5.00,5.00,1.00,5.00,5.00,5.00,5.00,5.00,5.00,5.00,5.00,,,,,,,,,,,
30,KitKat,5.00,1.00,5.00,5.00,1.00,5.00,5.00,5.00,3.00,5.00,4.00,3.00,3.00,,,,,,,,,,,
30,Lion,5.00,5.00,5.00,5.00,1.00,5.00,5.00,5.00,5.00,5.00,5.00,4.00,4.00,,,,,,,,,,,
30,Mars,1.00,5.00,5.00,5.00,1.00,5.00,5.00,5.00,5.00,5.00,5.00,5.00,5.00,,,,,,,,,,,
30,Snickers,2.00,4.00,5.00,5.00,1.00,5.00,5.00,4.00,5.00,5.00,3.00,5.00,5.00,,,,,,,,,,,
30,Twix,5.00,5.00,5.00,5.00,1.00,5.00,5.00,3.00,4.00,5.00,4.00,3.00,3.00,,,,,,,,,,,
31,Balisto,4.00,3.00,5.00,5.00,1.00,5.00,3.00,3.00,2.00,3.00,2.00,2.00,2.00,,,,,,,,,,,
31,Bounty,4.00,3.00,5.00,4.00,1.00,5.00,3.00,3.00,4.00,4.00,3.00,3.00,3.00,,,,,,,,,,,
31,Duplo,5.00,4.00,5.00,5.00,1.00,5.00,3.00,3.00,4.00,3.00,3.00,4.00,4.00,,,,,,,,,,,
31,KinderBueno,5.00,5.00,5.00,3.00,1.00,5.00,3.00,3.00,4.00,4.00,4.00,4.00,4.00,,,,,,,,,,,
31,KinderRiegel,2.00,5.00,5.00,5.00,1.00,5.00,3.00,4.00,5.00,5.00,4.00,5.00,5.00,,,,,,,,,,,
31,KitKat,5.00,2.00,5.00,4.00,1.00,5.00,3.00,3.00,4.00,4.00,3.00,4.00,3.00,,,,,,,,,,,
31,Lion,4.00,4.00,5.00,5.00,1.00,5.00,3.00,3.00,2.00,4.00,3.00,2.00,1.00,,,,,,,,,,,
31,Mars,3.00,4.00,5.00,5.00,1.00,5.00,3.00,3.00,4.00,4.00,3.00,4.00,3.00,,,,,,,,,,,
31,Snickers,5.00,4.00,5.00,5.00,1.00,5.00,3.00,3.00,4.00,4.00,3.00,4.00,4.00,,,,,,,,,,,
31,Twix,5.00,4.00,5.00,4.00,1.00,5.00,3.00,3.00,4.00,4.00,2.00,4.00,2.00,,,,,,,,,,,
32,Balisto,5.00,1.00,4.00,3.00,1.00,5.00,3.00,4.00,4.00,5.00,5.00,5.00,5.00,,,,,,,,,,,
32,Bounty,1.00,1.00,5.00,2.00,1.00,5.00,3.00,2.00,5.00,5.00,3.00,5.00,5.00,,,,,,,,,,,
32,Duplo,5.00,3.00,5.00,5.00,1.00,5.00,3.00,5.00,5.00,5.00,4.00,5.00,5.00,,,,,,,,,,,
32,KinderBueno,4.00,5.00,5.00,4.00,1.00,5.00,3.00,4.00,5.00,5.00,4.00,5.00,5.00,,,,,,,,,,,
32,KinderRiegel,1.00,3.00,5.00,4.00,1.00,5.00,3.00,4.00,5.00,5.00,4.00,5.00,5.00,,,,,,,,,,,
32,KitKat,5.00,1.00,5.00,3.00,1.00,5.00,3.00,3.00,5.00,5.00,3.00,5.00,5.00,,,,,,,,,,,
32,Lion,4.00,2.00,5.00,4.00,1.00,5.00,3.00,4.00,5.00,5.00,1.00,5.00,5.00,,,,,,,,,,,
32,Mars,1.00,3.00,5.00,3.00,1.00,5.00,3.00,1.00,5.00,5.00,3.00,5.00,5.00,,,,,,,,,,,
32,Snickers,4.00,3.00,5.00,4.00,1.00,5.00,3.00,4.00,5.00,5.00,1.00,5.00,5.00,,,,,,,,,,,
32,Twix,4.00,1.00,5.00,3.00,1.00,5.00,3.00,3.00,5.00,5.00,3.00,5.00,5.00,,,,,,,,,,,
33,Balisto,4.00,2.00,2.00,4.00,4.00,4.00,2.00,4.00,2.00,4.00,2.00,2.00,2.00,,,,,,,,,,,
33,Bounty,2.00,2.00,4.00,4.00,2.00,4.00,2.00,4.00,4.00,4.00,4.00,2.00,2.00,,,,,,,,,,,
33,Duplo,5.00,2.00,5.00,5.00,2.00,4.00,2.00,4.00,4.00,4.00,4.00,4.00,4.00,,,,,,,,,,,
33,KinderBueno,3.00,4.00,4.00,4.00,1.00,4.00,3.48,4.00,4.00,4.00,4.00,4.00,4.00,,,,,,,,,,,
33,KinderRiegel,1.00,5.00,5.00,5.00,1.00,4.00,2.00,4.00,4.00,4.00,4.00,4.00,4.00,,,,,,,,,,,
33,KitKat,5.00,2.00,4.00,4.00,2.00,4.00,2.00,3.00,4.00,4.00,4.00,4.00,4.00,,,,,,,,,,,
33,Lion,5.00,2.00,4.00,4.00,2.00,4.00,2.00,3.00,4.00,4.00,4.00,4.00,4.00,,,,,,,,,,,
33,Mars,1.00,5.00,5.00,4.00,2.00,4.00,2.00,4.00,4.00,4.00,4.00,4.00,4.00,,,,,,,,,,,
33,Snickers,3.00,2.00,4.00,3.00,1.00,4.00,1.00,2.00,4.00,4.00,3.00,4.00,4.00,,,,,,,,,,,
33,Twix,5.00,4.00,4.00,4.00,1.00,1.00,1.00,2.00,4.00,4.00,4.00,4.00,4.00,,,,,,,,,,,
34,Balisto,4.47,1.91,4.05,3.86,2.28,4.09,3.42,2.92,3.49,4.00,3.41,3.16,3.18,,,,,,,,,,,
34,Bounty,3.00,3.00,4.00,2.00,3.00,2.00,3.00,2.00,3.00,3.00,4.00,2.00,1.00,,,,,,,,,,,
34,Duplo,4.00,2.00,3.00,3.00,2.00,4.00,3.00,2.00,2.00,3.00,3.00,2.00,2.00,,,,,,,,,,,
34,KinderBueno,4.00,4.00,4.00,3.00,2.00,4.00,3.48,2.00,2.00,2.00,2.00,2.00,1.00,,,,,,,,,,,
34,KinderRiegel,1.00,4.00,5.00,4.00,2.00,4.00,3.00,4.00,4.00,4.00,4.00,4.00,3.00,,,,,,,,,,,
34,KitKat,5.00,2.00,4.00,4.00,2.00,3.00,3.00,3.00,4.00,3.00,3.00,4.00,3.00,,,,,,,,,,,
34,Lion,4.00,3.00,4.00,4.00,3.00,4.00,3.00,2.00,3.00,3.00,4.00,3.00,4.00,,,,,,,,,,,
34,Mars,3.00,4.00,5.00,4.00,2.00,4.00,3.00,2.00,4.00,4.00,3.00,2.00,2.00,,,,,,,,,,,
34,Snickers,4.00,4.00,4.00,4.00,3.00,4.00,3.00,3.00,4.00,4.00,4.00,5.00,5.00,,,,,,,,,,,
34,Twix,4.00,3.00,4.00,3.00,3.00,4.00,3.00,2.00,4.00,2.00,3.00,4.00,5.00,,,,,,,,,,,
35,Balisto,4.00,3.00,5.00,5.00,3.00,5.00,3.42,2.92,3.49,5.00,3.41,3.00,4.00,,,,,,,,,,,
35,Bounty,2.00,4.00,5.00,3.00,1.00,5.00,3.53,3.05,4.02,5.00,3.91,3.45,2.90,,,,,,,,,,,
35,Duplo,3.00,1.00,5.00,5.00,2.00,5.00,3.09,3.27,3.98,5.00,3.55,5.00,5.00,,,,,,,,,,,
35,KinderBueno,3.00,4.00,4.00,3.00,1.49,5.00,3.48,3.62,3.83,5.00,3.73,3.00,3.00,,,,,,,,,,,
35,KinderRiegel,2.00,4.00,5.00,5.00,1.69,5.00,3.44,4.02,4.47,5.00,4.00,4.00,4.00,,,,,,,,,,,
35,KitKat,4.00,2.00,5.00,5.00,1.57,5.00,3.27,3.16,4.15,5.00,3.53,3.00,3.00,,,,,,,,,,,
35,Lion,5.00,4.00,5.00,4.00,1.00,5.00,3.82,3.25,3.80,5.00,3.55,3.00,3.00,,,,,,,,,,,
35,Mars,1.00,5.00,5.00,2.00,1.46,5.00,3.67,2.89,4.25,5.00,3.49,2.00,3.00,,,,,,,,,,,
35,Snickers,4.00,3.00,4.00,4.00,1.42,5.00,3.60,2.93,4.35,5.00,3.28,5.00,5.00,,,,,,,,,,,
35,Twix,3.00,5.00,5.00,3.00,1.51,5.00,3.58,3.28,4.28,5.00,3.60,3.00,3.00,,,,,,,,,,,
36,Balisto,4.00,2.00,3.00,4.00,2.00,3.00,3.00,4.00,2.00,4.00,4.00,2.00,2.00,,,,,,,,,,,
36,Bounty,2.00,4.00,5.00,4.00,1.00,4.00,5.00,3.00,3.00,3.00,4.00,2.00,2.00,,,,,,,,,,,
36,Duplo,4.00,2.00,4.00,4.00,1.00,4.00,3.00,3.00,3.00,4.00,3.00,3.00,4.00,,,,,,,,,,,
36,KinderBueno,3.00,4.00,5.00,3.00,1.00,4.00,4.00,5.00,4.00,3.00,4.00,3.00,2.00,,,,,,,,,,,
36,KinderRiegel,2.00,2.00,4.00,5.00,1.00,3.00,3.00,4.00,4.00,4.00,4.00,3.00,3.00,,,,,,,,,,,
36,KitKat,4.00,2.00,4.00,4.00,1.00,3.00,3.00,4.00,3.00,4.00,3.00,2.00,2.00,,,,,,,,,,,
36,Lion,4.00,3.00,5.00,3.00,1.00,4.00,4.00,2.00,3.00,3.00,2.00,2.00,2.00,,,,,,,,,,,
36,Mars,2.00,4.00,5.00,4.00,1.00,4.00,4.00,2.00,4.00,3.00,2.00,3.00,3.00,,,,,,,,,,,
36,Snickers,4.00,4.00,5.00,3.00,1.00,4.00,4.00,3.00,4.00,4.00,3.00,5.00,5.00,,,,,,,,,,,
36,Twix,4.00,3.00,5.00,4.00,1.00,4.00,4.00,3.00,4.00,3.00,3.00,2.00,4.00,,,,,,,,,,,
37,Balisto,4.00,2.00,3.00,4.00,3.00,4.00,4.00,2.00,3.49,4.00,4.00,2.00,2.00,,,,,,,,,,,
37,Bounty,2.00,4.00,4.00,4.00,4.00,4.00,4.00,4.00,4.00,3.00,4.00,3.00,2.90,,,,,,,,,,,
37,Duplo,4.00,2.00,4.00,5.00,3.00,4.00,2.00,2.00,4.00,4.00,4.00,4.00,4.00,,,,,,,,,,,
37,KinderBueno,4.00,5.00,4.00,4.00,3.00,3.00,4.00,5.00,2.00,4.00,4.00,2.00,3.00,,,,,,,,,,,
37,KinderRiegel,2.00,4.00,4.00,4.00,3.00,3.00,3.00,5.00,4.00,4.00,4.00,4.00,4.45,,,,,,,,,,,
37,KitKat,4.00,2.00,2.00,4.00,2.00,3.00,3.00,3.00,4.00,4.00,4.00,4.00,5.00,,,,,,,,,,,
37,Lion,4.00,2.00,5.00,5.00,2.00,4.00,4.00,2.00,3.00,2.00,4.00,1.00,1.00,,,,,,,,,,,
37,Mars,1.00,4.00,5.00,4.00,1.00,5.00,4.00,1.00,5.00,3.00,1.00,4.00,4.00,,,,,,,,,,,
37,Snickers,2.00,4.00,5.00,3.00,2.00,5.00,5.00,2.00,5.00,4.00,2.00,4.00,4.00,,,,,,,,,,,
37,Twix,2.00,3.00,4.00,4.00,2.00,4.00,4.00,2.00,4.00,4.00,4.00,4.00,4.00,,,,,,,,,,,
38,Balisto,5.00,2.00,5.00,4.00,1.00,5.00,4.00,4.00,5.00,3.00,3.00,3.00,2.00,,,,,,,,,,,
38,Bounty,3.00,4.00,5.00,4.00,1.00,5.00,4.00,4.00,5.00,3.00,4.00,4.00,3.00,,,,,,,,,,,
38,Duplo,4.00,3.00,5.00,4.00,1.00,5.00,4.00,3.00,5.00,3.00,4.00,1.00,5.00,,,,,,,,,,,
38,KinderBueno,5.00,5.00,5.00,4.00,1.49,5.00,4.00,5.00,4.00,5.00,4.00,2.00,3.00,,,,,,,,,,,
38,KinderRiegel,3.00,3.00,5.00,4.00,1.00,5.00,4.00,5.00,5.00,5.00,3.00,5.00,5.00,,,,,,,,,,,
38,KitKat,5.00,3.00,5.00,5.00,1.00,5.00,5.00,3.00,5.00,4.00,3.00,3.00,4.00,,,,,,,,,,,
38,Lion,4.00,4.00,5.00,5.00,1.00,5.00,4.00,4.00,5.00,3.00,3.00,3.44,4.00,,,,,,,,,,,
38,Mars,1.00,4.00,5.00,4.00,1.00,5.00,4.00,2.00,5.00,3.00,3.00,4.16,3.98,,,,,,,,,,,
38,Snickers,3.00,4.00,5.00,5.00,1.42,5.00,5.00,5.00,5.00,4.00,2.00,4.00,2.00,,,,,,,,,,,
38,Twix,5.00,3.00,5.00,4.00,1.00,5.00,4.00,5.00,5.00,4.00,3.00,4.00,5.00,,,,,,,,,,,
39,Balisto,4.00,2.00,5.00,5.00,2.00,5.00,3.00,4.00,3.00,4.00,3.00,4.00,5.00,,,,,,,,,,,
39,Bounty,2.00,2.00,5.00,5.00,2.00,4.00,3.00,4.00,3.00,5.00,3.00,4.00,4.00,,,,,,,,,,,
39,Duplo,4.00,4.00,5.00,5.00,3.00,5.00,3.00,4.00,3.00,4.00,3.00,5.00,5.00,,,,,,,,,,,
39,KinderBueno,3.00,4.00,4.00,4.00,1.00,5.00,3.00,4.00,3.00,4.00,3.00,5.00,5.00,,,,,,,,,,,
39,KinderRiegel,2.00,4.00,5.00,5.00,2.00,4.00,3.00,4.00,3.00,5.00,3.00,5.00,5.00,,,,,,,,,,,
39,KitKat,5.00,3.00,5.00,5.00,1.00,5.00,3.00,4.00,3.00,4.00,3.00,5.00,5.00,,,,,,,,,,,
39,Lion,4.00,4.00,5.00,5.00,2.00,5.00,3.00,5.00,3.00,4.00,3.00,4.00,5.00,,,,,,,,,,,
39,Mars,2.00,5.00,5.00,5.00,1.00,5.00,3.00,3.00,3.00,4.00,3.00,5.00,5.00,,,,,,,,,,,
39,Snickers,3.00,3.00,5.00,5.00,1.00,5.00,3.00,3.00,3.00,4.00,3.00,5.00,5.00,,,,,,,,,,,
39,Twix,4.00,3.00,5.00,5.00,1.00,5.00,3.00,5.00,3.00,4.00,3.00,5.00,5.00,,,,,,,,,,,
40,Balisto,4.00,3.00,3.00,3.00,1.00,4.00,3.00,3.00,3.00,3.00,3.00,3.00,4.00,,,,,,,,,,,
40,Bounty,2.00,3.00,4.00,4.00,1.00,4.00,3.00,3.00,3.00,3.00,3.00,3.00,4.00,,,,,,,,,,,
40,Duplo,4.00,3.00,3.00,4.00,1.00,4.00,3.00,3.00,3.00,3.00,3.00,5.00,5.00,,,,,,,,,,,
40,KinderBueno,4.00,5.00,4.00,4.00,1.00,3.00,3.00,3.00,3.00,3.00,4.00,3.00,4.00,,,,,,,,,,,
40,KinderRiegel,2.00,3.00,4.00,4.00,1.00,4.00,3.00,3.00,4.00,3.00,4.00,4.00,4.00,,,,,,,,,,,
40,KitKat,5.00,3.00,3.00,4.00,1.00,4.00,3.00,3.00,4.00,3.00,3.00,4.00,4.00,,,,,,,,,,,
40,Lion,4.00,3.00,4.00,4.00,1.00,5.00,4.00,3.00,3.00,3.00,3.00,4.00,4.00,,,,,,,,,,,
40,Mars,2.00,5.00,5.00,4.00,1.00,5.00,4.00,3.00,4.00,3.00,3.00,5.00,5.00,,,,,,,,,,,
40,Snickers,4.00,3.00,4.00,4.00,2.00,5.00,4.00,3.00,5.00,3.00,3.00,5.00,5.00,,,,,,,,,,,
40,Twix,4.00,4.00,5.00,4.00,1.00,4.00,4.00,3.00,4.00,3.00,4.00,4.00,4.00,,,,,,,,,,,
41,Balisto,3.00,1.00,4.00,4.00,2.28,4.00,3.42,2.92,3.49,4.00,3.41,3.00,5.00,,,,,,,,,,,
41,Bounty,1.00,2.00,5.00,4.00,1.66,4.00,3.53,3.05,4.02,4.00,3.91,3.00,1.00,,,,,,,,,,,
41,Duplo,2.00,2.00,4.00,4.00,1.63,4.00,3.09,3.27,3.98,5.00,3.55,1.00,5.00,,,,,,,,,,,
41,KinderBueno,2.00,4.00,4.00,4.00,3.00,5.00,3.48,3.62,3.83,4.00,3.73,1.00,4.00,,,,,,,,,,,
41,KinderRiegel,1.00,2.00,4.00,5.00,1.69,4.00,3.44,4.02,4.47,5.00,4.00,2.00,5.00,,,,,,,,,,,
41,KitKat,4.00,2.00,4.00,5.00,1.57,4.00,3.27,3.16,4.15,3.00,3.53,3.00,3.00,,,,,,,,,,,
41,Lion,4.19,3.37,4.57,4.05,1.57,4.64,3.82,3.25,3.80,4.00,3.55,3.44,1.00,,,,,,,,,,,
41,Mars,1.00,5.00,5.00,5.00,1.46,5.00,3.67,2.89,4.25,4.00,3.49,3.00,3.00,,,,,,,,,,,
41,Snickers,4.00,2.00,5.00,4.00,2.00,5.00,3.60,2.93,4.35,4.00,3.28,2.00,4.00,,,,,,,,,,,
41,Twix,3.00,3.00,5.00,4.00,1.51,5.00,3.58,3.28,4.28,4.00,3.60,3.00,5.00,,,,,,,,,,,
42,Balisto,5.00,2.00,5.00,5.00,3.00,2.00,2.00,2.00,5.00,5.00,5.00,5.00,5.00,,,,,,,,,,,
42,Bounty,1.00,3.00,5.00,1.00,2.00,5.00,1.00,1.00,5.00,4.00,5.00,4.00,4.00,,,,,,,,,,,
42,Duplo,5.00,5.00,5.00,3.00,5.00,5.00,3.00,5.00,5.00,4.00,4.00,5.00,5.00,,,,,,,,,,,
42,KinderBueno,5.00,5.00,5.00,5.00,1.49,5.00,5.00,5.00,5.00,5.00,5.00,5.00,5.00,,,,,,,,,,,
42,KinderRiegel,1.00,5.00,5.00,3.00,1.00,5.00,5.00,4.00,5.00,4.00,5.00,5.00,5.00,,,,,,,,,,,
42,KitKat,5.00,5.00,5.00,5.00,5.00,4.00,4.00,4.00,5.00,5.00,4.00,5.00,5.00,,,,,,,,,,,
42,Lion,5.00,5.00,5.00,3.00,3.00,5.00,5.00,5.00,5.00,5.00,5.00,5.00,5.00,,,,,,,,,,,
42,Mars,2.00,5.00,5.00,5.00,5.00,2.00,4.00,5.00,5.00,3.00,3.00,4.00,4.00,,,,,,,,,,,
42,Snickers,4.00,3.00,5.00,4.00,1.42,4.60,1.00,1.00,5.00,4.00,4.00,4.00,4.00,,,,,,,,,,,
42,Twix,5.00,5.00,5.00,4.00,4.00,5.00,5.00,5.00,5.00,5.00,5.00,2.00,5.00,,,,,,,,,,,
43,Balisto,4.47,1.91,5.00,3.00,1.00,5.00,3.42,2.92,3.49,4.00,2.00,3.16,3.18,,,,,,,,,,,
43,Bounty,1.00,3.00,5.00,2.00,1.00,5.00,4.00,3.05,4.00,4.00,4.00,4.00,4.00,,,,,,,,,,,
43,Duplo,1.00,2.00,5.00,4.00,1.00,5.00,3.09,3.27,4.00,4.00,3.00,4.00,4.00,,,,,,,,,,,
43,KinderBueno,3.77,4.00,4.00,2.00,1.00,5.00,5.00,3.62,4.00,4.00,3.00,2.00,3.00,,,,,,,,,,,
43,KinderRiegel,1.00,3.00,5.00,4.00,1.00,5.00,5.00,4.02,4.00,4.00,3.00,4.00,4.45,,,,,,,,,,,
43,KitKat,2.00,2.00,5.00,4.00,1.00,5.00,4.00,3.16,4.00,3.00,3.00,4.00,3.90,,,,,,,,,,,
43,Lion,4.19,3.37,5.00,4.05,1.00,5.00,3.82,3.25,3.80,4.00,3.55,3.44,3.21,,,,,,,,,,,
43,Mars,2.00,4.00,5.00,3.00,1.00,5.00,5.00,2.89,4.00,4.00,4.00,5.00,3.98,,,,,,,,,,,
43,Snickers,3.58,2.00,5.00,3.96,1.00,5.00,5.00,2.93,4.00,4.00,3.00,3.00,4.35,,,,,,,,,,,
43,Twix,2.00,2.00,5.00,3.00,1.00,5.00,4.00,3.28,4.00,4.00,3.00,4.00,4.00,,,,,,,,,,,
44,Balisto,5.00,3.00,4.00,4.00,2.00,4.09,3.00,4.00,5.00,5.00,3.00,3.00,3.00,,,,,,,,,,,
44,Bounty,2.00,4.00,5.00,4.00,1.00,5.00,5.00,3.00,5.00,5.00,4.00,3.00,2.00,,,,,,,,,,,
44,Duplo,4.00,1.00,5.00,5.00,1.00,4.00,4.00,3.00,4.00,4.00,3.00,3.00,4.00,,,,,,,,,,,
44,KinderBueno,4.00,4.00,4.00,4.00,1.00,5.00,3.00,4.00,5.00,4.00,3.00,2.00,2.00,,,,,,,,,,,
44,KinderRiegel,1.00,5.00,5.00,5.00,1.00,5.00,3.00,3.00,5.00,5.00,3.00,3.00,3.00,,,,,,,,,,,
44,KitKat,5.00,1.00,4.00,4.00,1.00,5.00,5.00,4.00,5.00,3.00,3.00,3.00,2.00,,,,,,,,,,,
44,Lion,5.00,4.00,5.00,5.00,1.00,5.00,5.00,5.00,5.00,5.00,5.00,3.00,4.00,,,,,,,,,,,
44,Mars,1.00,3.00,5.00,4.00,1.00,5.00,5.00,2.00,5.00,5.00,3.00,3.00,3.00,,,,,,,,,,,
44,Snickers,4.00,3.00,4.00,4.00,1.00,5.00,5.00,3.00,5.00,5.00,3.00,4.00,5.00,,,,,,,,,,,
44,Twix,5.00,3.00,5.00,5.00,1.00,5.00,4.00,5.00,5.00,5.00,3.00,3.00,4.00,,,,,,,,,,,
45,Balisto,4.47,1.91,4.05,3.86,2.28,4.09,3.42,2.92,3.49,4.00,3.41,3.16,3.18,,,,,,,,,,,
45,Bounty,4.00,5.00,5.00,4.00,1.00,4.00,3.00,2.00,4.00,4.00,3.00,3.00,2.00,,,,,,,,,,,
45,Duplo,3.00,4.00,4.00,4.00,1.00,3.00,2.00,3.00,4.00,4.00,2.00,3.00,3.00,,,,,,,,,,,
45,KinderBueno,2.00,5.00,5.00,4.00,1.00,4.00,3.00,1.00,4.00,4.00,3.00,3.00,3.00,,,,,,,,,,,
45,KinderRiegel,2.00,5.00,5.00,5.00,1.00,4.00,2.00,3.00,4.00,3.00,2.00,4.00,4.00,,,,,,,,,,,
45,KitKat,4.00,3.00,4.00,4.00,1.00,3.00,3.00,2.00,4.00,2.00,3.00,3.00,3.00,,,,,,,,,,,
45,Lion,4.19,3.37,4.57,4.05,1.57,4.64,3.82,3.25,3.80,4.00,3.55,3.44,3.21,,,,,,,,,,,
45,Mars,3.00,4.00,5.00,5.00,1.00,5.00,3.00,4.00,4.00,4.00,3.00,4.00,4.00,,,,,,,,,,,
45,Snickers,4.00,3.44,2.00,3.00,1.00,5.00,3.00,1.00,5.00,4.00,3.00,3.00,2.00,,,,,,,,,,,
45,Twix,4.00,3.00,4.00,4.00,1.00,4.00,3.00,3.00,4.00,3.00,3.00,3.00,4.00,,,,,,,,,,,
46,Balisto,4.00,3.00,4.00,4.00,1.00,5.00,3.00,3.00,3.00,4.00,3.00,4.00,3.00,,,,,,,,,,,
46,Bounty,2.00,3.00,4.00,4.00,1.00,5.00,4.00,4.00,4.00,4.00,3.00,4.00,4.00,,,,,,,,,,,
46,Duplo,4.00,2.00,4.00,4.00,1.00,5.00,3.00,3.00,3.00,3.00,3.00,4.00,5.00,,,,,,,,,,,
46,KinderBueno,3.00,4.00,4.00,4.00,1.00,5.00,3.00,3.00,3.00,3.00,3.00,4.00,3.00,,,,,,,,,,,
46,KinderRiegel,1.00,4.00,5.00,5.00,1.00,5.00,3.00,4.00,4.00,3.00,3.00,5.00,5.00,,,,,,,,,,,
46,KitKat,4.00,2.00,4.00,3.00,1.00,5.00,3.00,3.00,3.00,3.00,3.00,4.00,4.00,,,,,,,,,,,
46,Lion,4.00,2.00,4.00,3.00,1.00,5.00,4.00,4.00,3.00,4.00,3.00,5.00,4.00,,,,,,,,,,,
46,Mars,2.00,4.00,4.00,3.00,1.00,5.00,3.00,3.00,3.00,3.00,3.00,5.00,5.00,,,,,,,,,,,
46,Snickers,4.00,4.00,4.00,4.00,1.00,5.00,3.00,3.00,3.00,4.00,3.00,4.00,5.00,,,,,,,,,,,
46,Twix,4.00,3.00,4.00,3.00,1.00,5.00,3.00,3.00,3.00,3.00,3.00,5.00,4.00,,,,,,,,,,,
47,Balisto,4.00,1.00,5.00,3.00,1.00,5.00,4.00,2.92,3.49,4.00,3.00,2.00,3.18,,,,,,,,,,,
47,Bounty,1.98,3.21,4.00,2.00,1.00,4.00,3.00,3.05,4.02,4.00,4.00,4.00,4.00,,,,,,,,,,,
47,Duplo,4.00,1.00,5.00,4.00,1.00,5.00,3.00,4.00,4.00,4.00,3.00,5.00,5.00,,,,,,,,,,,
47,KinderBueno,4.00,4.00,5.00,4.00,1.00,5.00,3.00,4.00,4.00,3.00,4.00,4.00,4.00,,,,,,,,,,,
47,KinderRiegel,1.00,4.00,5.00,5.00,1.00,5.00,3.00,4.00,4.00,4.00,4.00,4.00,4.00,,,,,,,,,,,
47,KitKat,5.00,1.00,5.00,4.00,1.00,4.00,3.00,3.00,4.00,4.00,3.00,4.00,4.00,,,,,,,,,,,
47,Lion,4.00,1.00,5.00,4.00,1.00,5.00,4.00,4.00,3.00,4.00,3.00,4.00,3.21,,,,,,,,,,,
47,Mars,1.00,5.00,5.00,4.00,1.00,5.00,4.00,4.00,4.00,4.00,3.00,4.00,4.00,,,,,,,,,,,
47,Snickers,3.00,3.00,5.00,4.00,1.00,5.00,5.00,4.00,5.00,5.00,3.00,4.00,4.00,,,,,,,,,,,
47,Twix,5.00,2.00,5.00,4.00,1.00,5.00,4.00,4.00,4.00,4.00,3.00,4.00,4.00,,,,,,,,,,,
48,Balisto,5.00,1.00,3.00,3.00,3.00,3.00,4.00,4.00,4.00,3.00,4.00,4.00,3.00,,,,,,,,,,,
48,Bounty,2.00,3.00,3.00,3.00,1.00,4.00,4.00,4.00,4.00,4.00,4.00,3.00,2.00,,,,,,,,,,,
48,Duplo,4.00,3.00,4.00,4.00,2.00,4.00,4.00,4.00,4.00,4.00,4.00,5.00,5.00,,,,,,,,,,,
48,KinderBueno,2.00,4.00,4.00,3.00,1.00,4.00,3.00,4.00,4.00,4.00,4.00,2.00,2.00,,,,,,,,,,,
48,KinderRiegel,1.00,4.00,5.00,3.00,2.00,4.00,4.00,5.00,4.00,5.00,4.00,5.00,5.00,,,,,,,,,,,
48,KitKat,5.00,1.00,3.00,3.00,2.00,4.00,4.00,3.00,4.00,3.00,4.00,5.00,4.00,,,,,,,,,,,
48,Lion,5.00,2.00,4.00,3.00,2.00,4.00,3.00,3.00,4.00,4.00,4.00,3.00,2.00,,,,,,,,,,,
48,Mars,1.00,4.00,5.00,4.00,2.00,4.00,2.00,3.00,4.00,4.00,4.00,5.00,3.00,,,,,,,,,,,
48,Snickers,3.00,3.00,4.00,4.00,1.00,4.00,4.00,3.00,5.00,4.00,3.00,5.00,5.00,,,,,,,,,,,
48,Twix,4.00,4.00,4.00,3.00,1.00,4.00,4.00,4.00,4.00,3.00,4.00,4.00,5.00,,,,,,,,,,,
49,Balisto,5.00,1.00,5.00,5.00,3.00,4.00,4.00,2.00,5.00,5.00,4.00,4.00,4.00,,,,,,,,,,,
49,Bounty,1.00,5.00,5.00,5.00,2.00,4.00,4.00,4.00,4.00,4.00,4.00,5.00,3.00,,,,,,,,,,,
49,Duplo,5.00,3.00,5.00,5.00,2.00,4.00,4.00,5.00,5.00,5.00,3.00,3.00,5.00,,,,,,,,,,,
49,KinderBueno,5.00,5.00,5.00,5.00,2.00,4.00,4.00,4.00,5.00,2.00,4.00,5.00,5.00,,,,,,,,,,,
49,KinderRiegel,1.00,5.00,5.00,5.00,3.00,3.00,4.00,4.00,5.00,5.00,4.00,5.00,5.00,,,,,,,,,,,
49,KitKat,5.00,2.00,5.00,5.00,2.00,4.00,4.00,5.00,5.00,5.00,5.00,5.00,5.00,,,,,,,,,,,
49,Lion,5.00,5.00,5.00,5.00,4.00,4.00,4.00,5.00,5.00,5.00,3.00,5.00,5.00,,,,,,,,,,,
49,Mars,1.00,5.00,5.00,5.00,1.00,4.00,4.00,1.00,5.00,5.00,5.00,5.00,5.00,,,,,,,,,,,
49,Snickers,5.00,5.00,5.00,5.00,2.00,4.00,4.00,4.00,5.00,4.00,5.00,5.00,5.00,,,,,,,,,,,
49,Twix,5.00,5.00,5.00,5.00,2.00,4.00,4.00,4.00,4.00,5.00,5.00,5.00,5.00,,,,,,,,,,,
50,Balisto,5.00,1.00,3.00,3.00,4.00,2.00,2.00,2.00,4.00,2.00,2.00,3.16,3.18,,,,,,,,,,,
50,Bounty,1.00,4.00,3.00,2.00,3.00,3.00,4.00,2.00,4.00,2.00,4.00,5.00,2.90,,,,,,,,,,,
50,Duplo,5.00,1.00,5.00,4.00,2.00,3.00,2.00,2.00,4.00,4.00,3.00,5.00,5.00,,,,,,,,,,,
50,KinderBueno,5.00,5.00,5.00,3.00,3.00,4.00,4.00,4.00,5.00,5.00,3.00,5.00,3.00,,,,,,,,,,,
50,KinderRiegel,1.00,4.00,5.00,4.00,2.00,3.00,4.00,5.00,5.00,5.00,4.00,5.00,5.00,,,,,,,,,,,
50,KitKat,5.00,1.00,4.00,3.00,2.00,4.00,3.00,2.00,5.00,2.00,2.00,4.00,4.00,,,,,,,,,,,
50,Lion,5.00,2.00,5.00,3.00,1.00,5.00,5.00,2.00,4.00,2.00,3.00,3.44,3.21,,,,,,,,,,,
50,Mars,1.00,5.00,5.00,5.00,1.00,5.00,5.00,3.00,5.00,3.00,3.00,5.00,5.00,,,,,,,,,,,
50,Snickers,2.00,2.00,4.00,4.00,2.00,4.00,4.00,2.00,5.00,5.00,4.00,5.00,5.00,,,,,,,,,,,
50,Twix,3.00,2.00,5.00,3.00,2.00,4.00,3.00,2.00,5.00,5.00,3.00,5.00,5.00,,,,,,,,,,,
,,,,,,,,,,,,,,,,,,,,,,,,,
,,,,,,,,,,,,,,,,,,,,,,,,,
,,,,,,,,,,,,,,,,,,,,,,,,,
,,,,,,,,,,,,,,,,,,,,,,,,,
,,,,,,,,,,,,,,,,,,,,,,,,,
,,,,,,,,,,,,,,,,,,,,,,,,,
,,,,,,,,,,,,,,,,,,,,,,,,,
,,,,,,,,,,,,,,,,,,,,,,,,,
,,,,,,,,,,,,,,,,,,,,,,,,,
,,,,,,,,,,,,,,,,,,,,,,,,,
,,,,,,,,,,,,,,,,,,,,,,,,,
,,,,,,,,,,,,,,,,,,,,,,,,,
,,,,,,,,,,,,,,,,,,,,,,,,,
,,,,,,,,,,,,,,,,,,,,,,,,,
,,,,,,,,,,,,,,,,,,,,,,,,,
,,,,,,,,,,,,,,,,,,,,,,,,,
,,,,,,,,,,,,,,,,,,,,,,,,,
,,,,,,,,,,,,,,,,,,,,,,,,,
,,,,,,,,,,,,,,,,,,,,,,,,,
,,,,,,,,,,,,,,,,,,,,,,,,,
,,,,,,,,,,,,,,,,,,,,,,,,,
,,,,,,,,,,,,,,,,,,,,,,,,,
,,,,,,,,,,,,,,,,,,,,,,,,,
,,,,,,,,,,,,,,,,,,,,,,,,,
,,,,,,,,,,,,,,,,,,,,,,,,,
,,,,,,,,,,,,,,,,,,,,,,,,,
,,,,,,,,,,,,,,,,,,,,,,,,,
,,,,,,,,,,,,,,,,,,,,,,,,,
,,,,,,,,,,,,,,,,,,,,,,,,,
,,,,,,,,,,,,,,,,,,,,,,,,,
,,,,,,,,,,,,,,,,,,,,,,,,,
,,,,,,,,,,,,,,,,,,,,,,,,,
,,,,,,,,,,,,,,,,,,,,,,,,,
,,,,,,,,,,,,,,,,,,,,,,,,,
,,,,,,,,,,,,,,,,,,,,,,,,,
,,,,,,,,,,,,,,,,,,,,,,,,,
,,,,,,,,,,,,,,,,,,,,,,,,,
,,,,,,,,,,,,,,,,,,,,,,,,,
,,,,,,,,,,,,,,,,,,,,,,,,,
,,,,,,,,,,,,,,,,,,,,,,,,,
,,,,,,,,,,,,,,,,,,,,,,,,,
,,,,,,,,,,,,,,,,,,,,,,,,,
,,,,,,,,,,,,,,,,,,,,,,,,,
,,,,,,,,,,,,,,,,,,,,,,,,,
,,,,,,,,,,,,,,,,,,,,,,,,,
,,,,,,,,,,,,,,,,,,,,,,,,,
,,,,,,,,,,,,,,,,,,,,,,,,,
,,,,,,,,,,,,,,,,,,,,,,,,,
,,,,,,,,,,,,,,,,,,,,,,,,,
,,,,,,,,,,,,,,,,,,,,,,,,,
,,,,,,,,,,,,,,,,,,,,,,,,,
,,,,,,,,,,,,,,,,,,,,,,,,,
,,,,,,,,,,,,,,,,,,,,,,,,,
,,,,,,,,,,,,,,,,,,,,,,,,,
,,,,,,,,,,,,,,,,,,,,,,,,,
,,,,,,,,,,,,,,,,,,,,,,,,,
,,,,,,,,,,,,,,,,,,,,,,,,,
,,,,,,,,,,,,,,,,,,,,,,,,,
,,,,,,,,,,,,,,,,,,,,,,,,,
,,,,,,,,,,,,,,,,,,,,,,,,,
,,,,,,,,,,,,,,,,,,,,,,,,,
,,,,,,,,,,,,,,,,,,,,,,,,,
,,,,,,,,,,,,,,,,,,,,,,,,,
,,,,,,,,,,,,,,,,,,,,,,,,,
,,,,,,,,,,,,,,,,,,,,,,,,,
,,,,,,,,,,,,,,,,,,,,,,,,,
,,,,,,,,,,,,,,,,,,,,,,,,,
,,,,,,,,,,,,,,,,,,,,,,,,,
,,,,,,,,,,,,,,,,,,,,,,,,,
,,,,,,,,,,,,,,,,,,,,,,,,,
,,,,,,,,,,,,,,,,,,,,,,,,,
,,,,,,,,,,,,,,,,,,,,,,,,,
,,,,,,,,,,,,,,,,,,,,,,,,,
,,,,,,,,,,,,,,,,,,,,,,,,,
,,,,,,,,,,,,,,,,,,,,,,,,,
,,,,,,,,,,,,,,,,,,,,,,,,,
,,,,,,,,,,,,,,,,,,,,,,,,,
,,,,,,,,,,,,,,,,,,,,,,,,,
,,,,,,,,,,,,,,,,,,,,,,,,,
,,,,,,,,,,,,,,,,,,,,,,,,,
,,,,,,,,,,,,,,,,,,,,,,,,,
,,,,,,,,,,,,,,,,,,,,,,,,,
,,,,,,,,,,,,,,,,,,,,,,,,,
,,,,,,,,,,,,,,,,,,,,,,,,,
,,,,,,,,,,,,,,,,,,,,,,,,,
,,,,,,,,,,,,,,,,,,,,,,,,,
,,,,,,,,,,,,,,,,,,,,,,,,,
,,,,,,,,,,,,,,,,,,,,,,,,,
,,,,,,,,,,,,,,,,,,,,,,,,,
,,,,,,,,,,,,,,,,,,,,,,,,,
,,,,,,,,,,,,,,,,,,,,,,,,,
,,,,,,,,,,,,,,,,,,,,,,,,,
,,,,,,,,,,,,,,,,,,,,,,,,,
,,,,,,,,,,,,,,,,,,,,,,,,,
,,,,,,,,,,,,,,,,,,,,,,,,,
,,,,,,,,,,,,,,,,,,,,,,,,,
,,,,,,,,,,,,,,,,,,,,,,,,,
,,,,,,,,,,,,,,,,,,,,,,,,,
,,,,,,,,,,,,,,,,,,,,,,,,,
,,,,,,,,,,,,,,,,,,,,,,,,,
,,,,,,,,,,,,,,,,,,,,,,,,,
,,,,,,,,,,,,,,,,,,,,,,,,,
,,,,,,,,,,,,,,,,,,,,,,,,,
,,,,,,,,,,,,,,,,,,,,,,,,,
,,,,,,,,,,,,,,,,,,,,,,,,,
,,,,,,,,,,,,,,,,,,,,,,,,,
,,,,,,,,,,,,,,,,,,,,,,,,,
,,,,,,,,,,,,,,,,,,,,,,,,,
,,,,,,,,,,,,,,,,,,,,,,,,,
,,,,,,,,,,,,,,,,,,,,,,,,,
,,,,,,,,,,,,,,,,,,,,,,,,,
,,,,,,,,,,,,,,,,,,,,,,,,,
,,,,,,,,,,,,,,,,,,,,,,,,,
,,,,,,,,,,,,,,,,,,,,,,,,,
,,,,,,,,,,,,,,,,,,,,,,,,,
,,,,,,,,,,,,,,,,,,,,,,,,,
,,,,,,,,,,,,,,,,,,,,,,,,,
,,,,,,,,,,,,,,,,,,,,,,,,,
,,,,,,,,,,,,,,,,,,,,,,,,,
,,,,,,,,,,,,,,,,,,,,,,,,,
,,,,,,,,,,,,,,,,,,,,,,,,,
,,,,,,,,,,,,,,,,,,,,,,,,,
,,,,,,,,,,,,,,,,,,,,,,,,,
,,,,,,,,,,,,,,,,,,,,,,,,,
,,,,,,,,,,,,,,,,,,,,,,,,,
,,,,,,,,,,,,,,,,,,,,,,,,,
,,,,,,,,,,,,,,,,,,,,,,,,,
,,,,,,,,,,,,,,,,,,,,,,,,,
,,,,,,,,,,,,,,,,,,,,,,,,,
,,,,,,,,,,,,,,,,,,,,,,,,,
,,,,,,,,,,,,,,,,,,,,,,,,,
,,,,,,,,,,,,,,,,,,,,,,,,,
,,,,,,,,,,,,,,,,,,,,,,,,,
,,,,,,,,,,,,,,,,,,,,,,,,,
,,,,,,,,,,,,,,,,,,,,,,,,,
,,,,,,,,,,,,,,,,,,,,,,,,,
,,,,,,,,,,,,,,,,,,,,,,,,,
,,,,,,,,,,,,,,,,,,,,,,,,,
,,,,,,,,,,,,,,,,,,,,,,,,,
,,,,,,,,,,,,,,,,,,,,,,,,,
,,,,,,,,,,,,,,,,,,,,,,,,,
,,,,,,,,,,,,,,,,,,,,,,,,,
,,,,,,,,,,,,,,,,,,,,,,,,,
,,,,,,,,,,,,,,,,,,,,,,,,,
,,,,,,,,,,,,,,,,,,,,,,,,,
,,,,,,,,,,,,,,,,,,,,,,,,,
,,,,,,,,,,,,,,,,,,,,,,,,,
,,,,,,,,,,,,,,,,,,,,,,,,,
,,,,,,,,,,,,,,,,,,,,,,,,,
,,,,,,,,,,,,,,,,,,,,,,,,,
,,,,,,,,,,,,,,,,,,,,,,,,,
,,,,,,,,,,,,,,,,,,,,,,,,,
,,,,,,,,,,,,,,,,,,,,,,,,,
,,,,,,,,,,,,,,,,,,,,,,,,,
,,,,,,,,,,,,,,,,,,,,,,,,,
,,,,,,,,,,,,,,,,,,,,,,,,,
,,,,,,,,,,,,,,,,,,,,,,,,,
,,,,,,,,,,,,,,,,,,,,,,,,,
,,,,,,,,,,,,,,,,,,,,,,,,,
,,,,,,,,,,,,,,,,,,,,,,,,,
,,,,,,,,,,,,,,,,,,,,,,,,,
,,,,,,,,,,,,,,,,,,,,,,,,,
,,,,,,,,,,,,,,,,,,,,,,,,,
,,,,,,,,,,,,,,,,,,,,,,,,,
,,,,,,,,,,,,,,,,,,,,,,,,,
,,,,,,,,,,,,,,,,,,,,,,,,,
,,,,,,,,,,,,,,,,,,,,,,,,,
,,,,,,,,,,,,,,,,,,,,,,,,,
,,,,,,,,,,,,,,,,,,,,,,,,,
,,,,,,,,,,,,,,,,,,,,,,,,,
,,,,,,,,,,,,,,,,,,,,,,,,,
,,,,,,,,,,,,,,,,,,,,,,,,,
,,,,,,,,,,,,,,,,,,,,,,,,,
,,,,,,,,,,,,,,,,,,,,,,,,,
,,,,,,,,,,,,,,,,,,,,,,,,,
,,,,,,,,,,,,,,,,,,,,,,,,,
,,,,,,,,,,,,,,,,,,,,,,,,,
,,,,,,,,,,,,,,,,,,,,,,,,,
,,,,,,,,,,,,,,,,,,,,,,,,,
,,,,,,,,,,,,,,,,,,,,,,,,,
,,,,,,,,,,,,,,,,,,,,,,,,,
,,,,,,,,,,,,,,,,,,,,,,,,,
,,,,,,,,,,,,,,,,,,,,,,,,,
,,,,,,,,,,,,,,,,,,,,,,,,,
,,,,,,,,,,,,,,,,,,,,,,,,,
,,,,,,,,,,,,,,,,,,,,,,,,,
,,,,,,,,,,,,,,,,,,,,,,,,,
,,,,,,,,,,,,,,,,,,,,,,,,,
,,,,,,,,,,,,,,,,,,,,,,,,,
,,,,,,,,,,,,,,,,,,,,,,,,,
,,,,,,,,,,,,,,,,,,,,,,,,,
,,,,,,,,,,,,,,,,,,,,,,,,,
,,,,,,,,,,,,,,,,,,,,,,,,,
,,,,,,,,,,,,,,,,,,,,,,,,,
,,,,,,,,,,,,,,,,,,,,,,,,,
,,,,,,,,,,,,,,,,,,,,,,,,,
,,,,,,,,,,,,,,,,,,,,,,,,,
,,,,,,,,,,,,,,,,,,,,,,,,,
,,,,,,,,,,,,,,,,,,,,,,,,,
,,,,,,,,,,,,,,,,,,,,,,,,,
,,,,,,,,,,,,,,,,,,,,,,,,,
,,,,,,,,,,,,,,,,,,,,,,,,,
,,,,,,,,,,,,,,,,,,,,,,,,,
,,,,,,,,,,,,,,,,,,,,,,,,,
,,,,,,,,,,,,,,,,,,,,,,,,,
,,,,,,,,,,,,,,,,,,,,,,,,,
,,,,,,,,,,,,,,,,,,,,,,,,,
,,,,,,,,,,,,,,,,,,,,,,,,,
,,,,,,,,,,,,,,,,,,,,,,,,,
,,,,,,,,,,,,,,,,,,,,,,,,,
,,,,,,,,,,,,,,,,,,,,,,,,,
,,,,,,,,,,,,,,,,,,,,,,,,,
,,,,,,,,,,,,,,,,,,,,,,,,,
,,,,,,,,,,,,,,,,,,,,,,,,,
,,,,,,,,,,,,,,,,,,,,,,,,,
,,,,,,,,,,,,,,,,,,,,,,,,,
,,,,,,,,,,,,,,,,,,,,,,,,,
,,,,,,,,,,,,,,,,,,,,,,,,,
,,,,,,,,,,,,,,,,,,,,,,,,,
,,,,,,,,,,,,,,,,,,,,,,,,,
,,,,,,,,,,,,,,,,,,,,,,,,,
,,,,,,,,,,,,,,,,,,,,,,,,,
,,,,,,,,,,,,,,,,,,,,,,,,,
,,,,,,,,,,,,,,,,,,,,,,,,,
,,,,,,,,,,,,,,,,,,,,,,,,,
,,,,,,,,,,,,,,,,,,,,,,,,,
,,,,,,,,,,,,,,,,,,,,,,,,,
,,,,,,,,,,,,,,,,,,,,,,,,,
,,,,,,,,,,,,,,,,,,,,,,,,,
,,,,,,,,,,,,,,,,,,,,,,,,,
,,,,,,,,,,,,,,,,,,,,,,,,,
,,,,,,,,,,,,,,,,,,,,,,,,,
,,,,,,,,,,,,,,,,,,,,,,,,,
,,,,,,,,,,,,,,,,,,,,,,,,,
,,,,,,,,,,,,,,,,,,,,,,,,,
,,,,,,,,,,,,,,,,,,,,,,,,,
,,,,,,,,,,,,,,,,,,,,,,,,,
,,,,,,,,,,,,,,,,,,,,,,,,,
,,,,,,,,,,,,,,,,,,,,,,,,,
,,,,,,,,,,,,,,,,,,,,,,,,,
,,,,,,,,,,,,,,,,,,,,,,,,,
,,,,,,,,,,,,,,,,,,,,,,,,,
,,,,,,,,,,,,,,,,,,,,,,,,,
,,,,,,,,,,,,,,,,,,,,,,,,,
,,,,,,,,,,,,,,,,,,,,,,,,,
,,,,,,,,,,,,,,,,,,,,,,,,,
,,,,,,,,,,,,,,,,,,,,,,,,,
,,,,,,,,,,,,,,,,,,,,,,,,,
,,,,,,,,,,,,,,,,,,,,,,,,,
,,,,,,,,,,,,,,,,,,,,,,,,,
,,,,,,,,,,,,,,,,,,,,,,,,,
,,,,,,,,,,,,,,,,,,,,,,,,,
,,,,,,,,,,,,,,,,,,,,,,,,,
,,,,,,,,,,,,,,,,,,,,,,,,,
,,,,,,,,,,,,,,,,,,,,,,,,,
,,,,,,,,,,,,,,,,,,,,,,,,,
,,,,,,,,,,,,,,,,,,,,,,,,,
,,,,,,,,,,,,,,,,,,,,,,,,,
,,,,,,,,,,,,,,,,,,,,,,,,,
,,,,,,,,,,,,,,,,,,,,,,,,,
,,,,,,,,,,,,,,,,,,,,,,,,,
,,,,,,,,,,,,,,,,,,,,,,,,,
,,,,,,,,,,,,,,,,,,,,,,,,,
,,,,,,,,,,,,,,,,,,,,,,,,,
,,,,,,,,,,,,,,,,,,,,,,,,,
,,,,,,,,,,,,,,,,,,,,,,,,,
,,,,,,,,,,,,,,,,,,,,,,,,,
,,,,,,,,,,,,,,,,,,,,,,,,,
,,,,,,,,,,,,,,,,,,,,,,,,,
,,,,,,,,,,,,,,,,,,,,,,,,,
,,,,,,,,,,,,,,,,,,,,,,,,,
,,,,,,,,,,,,,,,,,,,,,,,,,
,,,,,,,,,,,,,,,,,,,,,,,,,
,,,,,,,,,,,,,,,,,,,,,,,,,
,,,,,,,,,,,,,,,,,,,,,,,,,
,,,,,,,,,,,,,,,,,,,,,,,,,
,,,,,,,,,,,,,,,,,,,,,,,,,
,,,,,,,,,,,,,,,,,,,,,,,,,
,,,,,,,,,,,,,,,,,,,,,,,,,
,,,,,,,,,,,,,,,,,,,,,,,,,
,,,,,,,,,,,,,,,,,,,,,,,,,
,,,,,,,,,,,,,,,,,,,,,,,,,
,,,,,,,,,,,,,,,,,,,,,,,,,
,,,,,,,,,,,,,,,,,,,,,,,,,
,,,,,,,,,,,,,,,,,,,,,,,,,
,,,,,,,,,,,,,,,,,,,,,,,,,
,,,,,,,,,,,,,,,,,,,,,,,,,
,,,,,,,,,,,,,,,,,,,,,,,,,
,,,,,,,,,,,,,,,,,,,,,,,,,
,,,,,,,,,,,,,,,,,,,,,,,,,
,,,,,,,,,,,,,,,,,,,,,,,,,
,,,,,,,,,,,,,,,,,,,,,,,,,
,,,,,,,,,,,,,,,,,,,,,,,,,
,,,,,,,,,,,,,,,,,,,,,,,,,
,,,,,,,,,,,,,,,,,,,,,,,,,
,,,,,,,,,,,,,,,,,,,,,,,,,
,,,,,,,,,,,,,,,,,,,,,,,,,
,,,,,,,,,,,,,,,,,,,,,,,,,
,,,,,,,,,,,,,,,,,,,,,,,,,
,,,,,,,,,,,,,,,,,,,,,,,,,
,,,,,,,,,,,,,,,,,,,,,,,,,
,,,,,,,,,,,,,,,,,,,,,,,,,
,,,,,,,,,,,,,,,,,,,,,,,,,
,,,,,,,,,,,,,,,,,,,,,,,,,
,,,,,,,,,,,,,,,,,,,,,,,,,
,,,,,,,,,,,,,,,,,,,,,,,,,
,,,,,,,,,,,,,,,,,,,,,,,,,
,,,,,,,,,,,,,,,,,,,,,,,,,
,,,,,,,,,,,,,,,,,,,,,,,,,
,,,,,,,,,,,,,,,,,,,,,,,,,
,,,,,,,,,,,,,,,,,,,,,,,,,
,,,,,,,,,,,,,,,,,,,,,,,,,
,,,,,,,,,,,,,,,,,,,,,,,,,
,,,,,,,,,,,,,,,,,,,,,,,,,
,,,,,,,,,,,,,,,,,,,,,,,,,
,,,,,,,,,,,,,,,,,,,,,,,,,
,,,,,,,,,,,,,,,,,,,,,,,,,
,,,,,,,,,,,,,,,,,,,,,,,,,
,,,,,,,,,,,,,,,,,,,,,,,,,
,,,,,,,,,,,,,,,,,,,,,,,,,
,,,,,,,,,,,,,,,,,,,,,,,,,
,,,,,,,,,,,,,,,,,,,,,,,,,
,,,,,,,,,,,,,,,,,,,,,,,,,
,,,,,,,,,,,,,,,,,,,,,,,,,
,,,,,,,,,,,,,,,,,,,,,,,,,
,,,,,,,,,,,,,,,,,,,,,,,,,
,,,,,,,,,,,,,,,,,,,,,,,,,
,,,,,,,,,,,,,,,,,,,,,,,,,
,,,,,,,,,,,,,,,,,,,,,,,,,
,,,,,,,,,,,,,,,,,,,,,,,,,
,,,,,,,,,,,,,,,,,,,,,,,,,
,,,,,,,,,,,,,,,,,,,,,,,,,
,,,,,,,,,,,,,,,,,,,,,,,,,
,,,,,,,,,,,,,,,,,,,,,,,,,
,,,,,,,,,,,,,,,,,,,,,,,,,
,,,,,,,,,,,,,,,,,,,,,,,,,
,,,,,,,,,,,,,,,,,,,,,,,,,
,,,,,,,,,,,,,,,,,,,,,,,,,
,,,,,,,,,,,,,,,,,,,,,,,,,
,,,,,,,,,,,,,,,,,,,,,,,,,
,,,,,,,,,,,,,,,,,,,,,,,,,
,,,,,,,,,,,,,,,,,,,,,,,,,
,,,,,,,,,,,,,,,,,,,,,,,,,
,,,,,,,,,,,,,,,,,,,,,,,,,
,,,,,,,,,,,,,,,,,,,,,,,,,
,,,,,,,,,,,,,,,,,,,,,,,,,
,,,,,,,,,,,,,,,,,,,,,,,,,
,,,,,,,,,,,,,,,,,,,,,,,,,
,,,,,,,,,,,,,,,,,,,,,,,,,
,,,,,,,,,,,,,,,,,,,,,,,,,
,,,,,,,,,,,,,,,,,,,,,,,,,
,,,,,,,,,,,,,,,,,,,,,,,,,
,,,,,,,,,,,,,,,,,,,,,,,,,
,,,,,,,,,,,,,,,,,,,,,,,,,
,,,,,,,,,,,,,,,,,,,,,,,,,
,,,,,,,,,,,,,,,,,,,,,,,,,
,,,,,,,,,,,,,,,,,,,,,,,,,
,,,,,,,,,,,,,,,,,,,,,,,,,
,,,,,,,,,,,,,,,,,,,,,,,,,
,,,,,,,,,,,,,,,,,,,,,,,,,
,,,,,,,,,,,,,,,,,,,,,,,,,
,,,,,,,,,,,,,,,,,,,,,,,,,
,,,,,,,,,,,,,,,,,,,,,,,,,
,,,,,,,,,,,,,,,,,,,,,,,,,
,,,,,,,,,,,,,,,,,,,,,,,,,
,,,,,,,,,,,,,,,,,,,,,,,,,
,,,,,,,,,,,,,,,,,,,,,,,,,
,,,,,,,,,,,,,,,,,,,,,,,,,
,,,,,,,,,,,,,,,,,,,,,,,,,
,,,,,,,,,,,,,,,,,,,,,,,,,
,,,,,,,,,,,,,,,,,,,,,,,,,
,,,,,,,,,,,,,,,,,,,,,,,,,
,,,,,,,,,,,,,,,,,,,,,,,,,
,,,,,,,,,,,,,,,,,,,,,,,,,
,,,,,,,,,,,,,,,,,,,,,,,,,
,,,,,,,,,,,,,,,,,,,,,,,,,
,,,,,,,,,,,,,,,,,,,,,,,,,
,,,,,,,,,,,,,,,,,,,,,,,,,
,,,,,,,,,,,,,,,,,,,,,,,,,
,,,,,,,,,,,,,,,,,,,,,,,,,
,,,,,,,,,,,,,,,,,,,,,,,,,
,,,,,,,,,,,,,,,,,,,,,,,,,
,,,,,,,,,,,,,,,,,,,,,,,,,
,,,,,,,,,,,,,,,,,,,,,,,,,
,,,,,,,,,,,,,,,,,,,,,,,,,
,,,,,,,,,,,,,,,,,,,,,,,,,
,,,,,,,,,,,,,,,,,,,,,,,,,
,,,,,,,,,,,,,,,,,,,,,,,,,
,,,,,,,,,,,,,,,,,,,,,,,,,
,,,,,,,,,,,,,,,,,,,,,,,,,
,,,,,,,,,,,,,,,,,,,,,,,,,
,,,,,,,,,,,,,,,,,,,,,,,,,
,,,,,,,,,,,,,,,,,,,,,,,,,
,,,,,,,,,,,,,,,,,,,,,,,,,
,,,,,,,,,,,,,,,,,,,,,,,,,
,,,,,,,,,,,,,,,,,,,,,,,,,
,,,,,,,,,,,,,,,,,,,,,,,,,
,,,,,,,,,,,,,,,,,,,,,,,,,
,,,,,,,,,,,,,,,,,,,,,,,,,
,,,,,,,,,,,,,,,,,,,,,,,,,
,,,,,,,,,,,,,,,,,,,,,,,,,
,,,,,,,,,,,,,,,,,,,,,,,,,
,,,,,,,,,,,,,,,,,,,,,,,,,
,,,,,,,,,,,,,,,,,,,,,,,,,
,,,,,,,,,,,,,,,,,,,,,,,,,
,,,,,,,,,,,,,,,,,,,,,,,,,
,,,,,,,,,,,,,,,,,,,,,,,,,
,,,,,,,,,,,,,,,,,,,,,,,,,
,,,,,,,,,,,,,,,,,,,,,,,,,
,,,,,,,,,,,,,,,,,,,,,,,,,
,,,,,,,,,,,,,,,,,,,,,,,,,
,,,,,,,,,,,,,,,,,,,,,,,,,
,,,,,,,,,,,,,,,,,,,,,,,,,
,,,,,,,,,,,,,,,,,,,,,,,,,
,,,,,,,,,,,,,,,,,,,,,,,,,
,,,,,,,,,,,,,,,,,,,,,,,,,
,,,,,,,,,,,,,,,,,,,,,,,,,
,,,,,,,,,,,,,,,,,,,,,,,,,
,,,,,,,,,,,,,,,,,,,,,,,,,
,,,,,,,,,,,,,,,,,,,,,,,,,
,,,,,,,,,,,,,,,,,,,,,,,,,
,,,,,,,,,,,,,,,,,,,,,,,,,
,,,,,,,,,,,,,,,,,,,,,,,,,
,,,,,,,,,,,,,,,,,,,,,,,,,
,,,,,,,,,,,,,,,,,,,,,,,,,
,,,,,,,,,,,,,,,,,,,,,,,,,
,,,,,,,,,,,,,,,,,,,,,,,,,
,,,,,,,,,,,,,,,,,,,,,,,,,
,,,,,,,,,,,,,,,,,,,,,,,,,
,,,,,,,,,,,,,,,,,,,,,,,,,
,,,,,,,,,,,,,,,,,,,,,,,,,
,,,,,,,,,,,,,,,,,,,,,,,,,
,,,,,,,,,,,,,,,,,,,,,,,,,
,,,,,,,,,,,,,,,,,,,,,,,,,
,,,,,,,,,,,,,,,,,,,,,,,,,
,,,,,,,,,,,,,,,,,,,,,,,,,
,,,,,,,,,,,,,,,,,,,,,,,,,
,,,,,,,,,,,,,,,,,,,,,,,,,
,,,,,,,,,,,,,,,,,,,,,,,,,
,,,,,,,,,,,,,,,,,,,,,,,,,
,,,,,,,,,,,,,,,,,,,,,,,,,
,,,,,,,,,,,,,,,,,,,,,,,,,
,,,,,,,,,,,,,,,,,,,,,,,,,
,,,,,,,,,,,,,,,,,,,,,,,,,
,,,,,,,,,,,,,,,,,,,,,,,,,
,,,,,,,,,,,,,,,,,,,,,,,,,
,,,,,,,,,,,,,,,,,,,,,,,,,
,,,,,,,,,,,,,,,,,,,,,,,,,
,,,,,,,,,,,,,,,,,,,,,,,,,
,,,,,,,,,,,,,,,,,,,,,,,,,
,,,,,,,,,,,,,,,,,,,,,,,,,
,,,,,,,,,,,,,,,,,,,,,,,,,
,,,,,,,,,,,,,,,,,,,,,,,,,
,,,,,,,,,,,,,,,,,,,,,,,,,
,,,,,,,,,,,,,,,,,,,,,,,,,
,,,,,,,,,,,,,,,,,,,,,,,,,
,,,,,,,,,,,,,,,,,,,,,,,,,
,,,,,,,,,,,,,,,,,,,,,,,,,
,,,,,,,,,,,,,,,,,,,,,,,,,
,,,,,,,,,,,,,,,,,,,,,,,,,
,,,,,,,,,,,,,,,,,,,,,,,,,
,,,,,,,,,,,,,,,,,,,,,,,,,
,,,,,,,,,,,,,,,,,,,,,,,,,
,,,,,,,,,,,,,,,,,,,,,,,,,
,,,,,,,,,,,,,,,,,,,,,,,,,
,,,,,,,,,,,,,,,,,,,,,,,,,
,,,,,,,,,,,,,,,,,,,,,,,,,
,,,,,,,,,,,,,,,,,,,,,,,,,
,,,,,,,,,,,,,,,,,,,,,,,,,
,,,,,,,,,,,,,,,,,,,,,,,,,
,,,,,,,,,,,,,,,,,,,,,,,,,
,,,,,,,,,,,,,,,,,,,,,,,,,
,,,,,,,,,,,,,,,,,,,,,,,,,
,,,,,,,,,,,,,,,,,,,,,,,,,
,,,,,,,,,,,,,,,,,,,,,,,,,
,,,,,,,,,,,,,,,,,,,,,,,,,
,,,,,,,,,,,,,,,,,,,,,,,,,
,,,,,,,,,,,,,,,,,,,,,,,,,
,,,,,,,,,,,,,,,,,,,,,,,,,
,,,,,,,,,,,,,,,,,,,,,,,,,
,,,,,,,,,,,,,,,,,,,,,,,,,
,,,,,,,,,,,,,,,,,,,,,,,,,
,,,,,,,,,,,,,,,,,,,,,,,,,
,,,,,,,,,,,,,,,,,,,,,,,,,
,,,,,,,,,,,,,,,,,,,,,,,,,
,,,,,,,,,,,,,,,,,,,,,,,,,
,,,,,,,,,,,,,,,,,,,,,,,,,
,,,,,,,,,,,,,,,,,,,,,,,,,
,,,,,,,,,,,,,,,,,,,,,,,,,
,,,,,,,,,,,,,,,,,,,,,,,,,
,,,,,,,,,,,,,,,,,,,,,,,,,
,,,,,,,,,,,,,,,,,,,,,,,,,
,,,,,,,,,,,,,,,,,,,,,,,,,
,,,,,,,,,,,,,,,,,,,,,,,,,
,,,,,,,,,,,,,,,,,,,,,,,,,
,,,,,,,,,,,,,,,,,,,,,,,,,
,,,,,,,,,,,,,,,,,,,,,,,,,
,,,,,,,,,,,,,,,,,,,,,,,,,
,,,,,,,,,,,,,,,,,,,,,,,,,
,,,,,,,,,,,,,,,,,,,,,,,,,
,,,,,,,,,,,,,,,,,,,,,,,,,
,,,,,,,,,,,,,,,,,,,,,,,,,
,,,,,,,,,,,,,,,,,,,,,,,,,
,,,,,,,,,,,,,,,,,,,,,,,,,
,,,,,,,,,,,,,,,,,,,,,,,,,
,,,,,,,,,,,,,,,,,,,,,,,,,
,,,,,,,,,,,,,,,,,,,,,,,,,
,,,,,,,,,,,,,,,,,,,,,,,,,
,,,,,,,,,,,,,,,,,,,,,,,,,
,,,,,,,,,,,,,,,,,,,,,,,,,
,,,,,,,,,,,,,,,,,,,,,,,,,
,,,,,,,,,,,,,,,,,,,,,,,,,
,,,,,,,,,,,,,,,,,,,,,,,,,
,,,,,,,,,,,,,,,,,,,,,,,,,
,,,,,,,,,,,,,,,,,,,,,,,,,
,,,,,,,,,,,,,,,,,,,,,,,,,
,,,,,,,,,,,,,,,,,,,,,,,,,
,,,,,,,,,,,,,,,,,,,,,,,,,
,,,,,,,,,,,,,,,,,,,,,,,,,
,,,,,,,,,,,,,,,,,,,,,,,,,
,,,,,,,,,,,,,,,,,,,,,,,,,
,,,,,,,,,,,,,,,,,,,,,,,,,
,,,,,,,,,,,,,,,,,,,,,,,,,
,,,,,,,,,,,,,,,,,,,,,,,,,
,,,,,,,,,,,,,,,,,,,,,,,,,
,,,,,,,,,,,,,,,,,,,,,,,,,
,,,,,,,,,,,,,,,,,,,,,,,,,
,,,,,,,,,,,,,,,,,,,,,,,,,
,,,,,,,,,,,,,,,,,,,,,,,,,
,,,,,,,,,,,,,,,,,,,,,,,,,
,,,,,,,,,,,,,,,,,,,,,,,,,
,,,,,,,,,,,,,,,,,,,,,,,,,
,,,,,,,,,,,,,,,,,,,,,,,,,
,,,,,,,,,,,,,,,,,,,,,,,,,
,,,,,,,,,,,,,,,,,,,,,,,,,
,,,,,,,,,,,,,,,,,,,,,,,,,
,,,,,,,,,,,,,,,,,,,,,,,,,
,,,,,,,,,,,,,,,,,,,,,,,,,
,,,,,,,,,,,,,,,,,,,,,,,,,
,,,,,,,,,,,,,,,,,,,,,,,,,
,,,,,,,,,,,,,,,,,,,,,,,,,
,,,,,,,,,,,,,,,,,,,,,,,,,
,,,,,,,,,,,,,,,,,,,,,,,,,
,,,,,,,,,,,,,,,,,,,,,,,,,
,,,,,,,,,,,,,,,,,,,,,,,,,
,,,,,,,,,,,,,,,,,,,,,,,,,
,,,,,,,,,,,,,,,,,,,,,,,,,
,,,,,,,,,,,,,,,,,,,,,,,,,
,,,,,,,,,,,,,,,,,,,,,,,,,
,,,,,,,,,,,,,,,,,,,,,,,,,